id;movie_title;release_date;genre;mpaa_rating;total_gross;inflation_adjusted_gross
1;Snow White and the Seven Dwarfs;21/12/1937;Musical;G;184925485;5228953251
2;Pinocchio;09/02/1940;Adventure;G;84300000;2188229052
3;Fantasia;13/11/1940;Musical;G;83320000;2187090808
4;Song of the South;12/11/1946;Adventure;G;65000000;1078510579
5;Cinderella;15/02/1950;Drama;G;85000000;920608730
6;20000 Leagues Under the Sea;23/12/1954;Adventure;;28200000;528279994
7;Lady and the Tramp;22/06/1955;Drama;G;93600000;1236035515
8;Sleeping Beauty;29/01/1959;Drama;;9464608;21505832
9;101 Dalmatians;25/01/1961;Comedy;G;153000000;1362870985
10;The Absent Minded Professor;16/03/1961;Comedy;;25381407;310094574
11;Babes in Toyland;14/12/1961;Musical;G;10218316;124841160
12;Bon Voyage!;17/05/1962;Comedy;Not Rated;9230769;109581646
13;The Sword in the Stone;25/12/1963;Adventure;;22182353;153870834
14;The Jungle Book;18/10/1967;Musical;Not Rated;141843000;789612346
15;Blackbeard's Ghost;08/02/1968;Comedy;;21540050;138612686
16;The Aristocats;24/04/1970;Musical;G;55675257;255161499
17;The Boatniks;01/07/1970;Comedy;;18607492;101200742
18;Bedknobs and Broomsticks;07/10/1971;Musical;;17871174;91305448
19;The Apple Dumpling Gang;01/07/1975;Comedy;;31916500;131246872
20;Freaky Friday;21/01/1977;Comedy;;25942000;98067733
21;The Many Adventures of Winnie the Pooh;11/03/1977;;;0;0
22;The Rescuers;22/06/1977;Adventure;;48775599;159743914
23;Herbie Goes to Monte Carlo;24/06/1977;;;28000000;105847527
24;The Black Hole;21/12/1979;;;35841901;120377374
25;Midnight Madness;08/02/1980;;;2900000;9088096
26;The Last Flight of Noah’s Ark;25/06/1980;;;11000000;34472116
27;The Devil and Max Devlin;01/01/1981;;;16000000;48517980
28;Amy;20/03/1981;Drama;;0;0
29;The Fox and the Hound;10/07/1981;Comedy;;43899231;133118889
30;Condorman;07/08/1981;Action;;0;0
31;Night Crossing;05/02/1982;Drama;;4500000;12903059
32;Tron;09/07/1982;Action;;26918576;77184895
33;Tex;19/11/1982;Drama;;7199408;20643199
34;Trenchcoat;11/03/1983;Comedy;;4304286;11519089
35;Something Wicked This Way Comes;29/04/1983;Horror;;5656087;15136765
36;Never Cry Wolf;07/10/1983;Drama;;27668764;70669955
37;Running Brave;04/11/1983;Drama;;1204595;3223725
38;Splash;09/03/1984;Comedy;PG;62599495;157057661
39;Country;29/09/1984;Drama;;8400000;21075000
40;Baby: Secret of the Lost Legend;22/03/1985;Adventure;;14276095;33900697
41;Return to Oz;21/06/1985;Adventure;;10618813;25215934
42;The Black Cauldron;24/07/1985;Adventure;;21288692;50553142
43;My Science Project;09/08/1985;Comedy;;4100000;9736051
44;The Journey of Natty Gann;27/09/1985;Drama;;9468512;22302956
45;One Magic Christmas;22/11/1985;Drama;;13229514;31415432
46;Down and Out in Beverly Hills;31/01/1986;Comedy;R;62134225;141183693
47;Off Beat;11/04/1986;Comedy;;4842778;11003932
48;Ruthless People;27/06/1986;Comedy;R;71624879;162748712
49;The Great Mouse Detective;02/07/1986;Adventure;;23605534;53637367
50;Flight of the Navigator;30/07/1986;Adventure;;18564613;42183197
51;Tough Guys;03/10/1986;Comedy;;21458229;48758184
52;The Color of Money;17/10/1986;Drama;R;52293000;117957323
53;Outrageous Fortune;30/01/1987;Comedy;R;52864741;113976921
54;Tin Men;06/03/1987;Comedy;;25411386;54787202
55;Ernest Goes to Camp;22/05/1987;Comedy;;23509382;50686462
56;Benji the Hunted;05/06/1987;Adventure;;15212539;32798382
57;Adventures in Babysitting;03/07/1987;Comedy;;33790923;72853569
58;Stakeout;05/08/1987;Comedy;R;65673233;141592160
59;Can't Buy Me Love;14/08/1987;Romantic Comedy;;31623833;68181300
60;Hello Again;06/11/1987;Comedy;;20419446;44024529
61;3 Men and a Baby;25/11/1987;Comedy;PG;167780960;353334607
62;Good Morning Vietnam;23/12/1987;Comedy;R;123922370;254414837
63;Shoot to Kill;12/02/1988;Action;;29300000;60097074
64;D.O.A.;18/03/1988;Thriller/Suspense;;12706478;26062188
65;Return to Snowy River;15/04/1988;Adventure;PG;13687027;28073384
66;Big Business;10/06/1988;Comedy;PG;40150487;82352451
67;Who Framed Roger Rabbit?;22/06/1988;Comedy;PG;154112492;316250084
68;Cocktail;29/07/1988;Drama;R;78222753;160442289
69;The Rescue;05/08/1988;Action;;5855392;12009960
70;Heartbreak Hotel;30/09/1988;Comedy;;5509417;11300331
71;The Good Mother;04/11/1988;Drama;;4764606;9772655
72;Ernest Saves Christmas;11/11/1988;Comedy;PG;28202109;57845202
73;Oliver & Company;18/11/1988;Adventure;G;49576671;102254492
74;Beaches;21/12/1988;Drama;PG-13;57041866;120381757
75;Three Fugitives;27/01/1989;Comedy;PG-13;40590000;85757817
76;New York Stories;01/03/1989;Drama;PG;10763469;22740861
77;Disorganized Crime;14/04/1989;Comedy;;7210149;15233465
78;Dead Poets Society;02/06/1989;Drama;PG;95860116;202531517
79;Honey  I Shrunk the Kids;23/06/1989;Adventure;PG;130724172;276191669
80;Turner & Hooch;28/07/1989;Comedy;PG;71079915;150176361
81;Cheetah;18/08/1989;Adventure;;7882250;16653473
82;An Innocent Man;06/10/1989;Drama;R;19397847;40983414
83;Gross Anatomy;20/10/1989;Drama;PG-13;11346186;23972012
84;The Little Mermaid;15/11/1989;Adventure;G;111543479;223726012
85;Blaze;13/12/1989;Drama;R;19049727;39884640
86;Stella;02/02/1990;Drama;PG-13;20062347;40077147
87;Where the Heart Is;23/02/1990;Comedy;;1106475;2210321
88;Pretty Woman;23/03/1990;Romantic Comedy;R;178406268;356389765
89;Ernest Goes to Jail;06/04/1990;Comedy;PG;25029569;49999822
90;Spaced Invaders;27/04/1990;Comedy;PG;15000000;29964452
91;Fire Birds;24/05/1990;Action;PG-13;14760451;29485923
92;Dick Tracy;15/06/1990;Action;PG;103738726;207231621
93;Betsy's Wedding;22/06/1990;Comedy;R;19740070;39433357
94;Arachnophobia;18/07/1990;Thriller/Suspense;PG-13;53208180;106290270
95;DuckTales: The Movie - Treasure of th…;03/08/1990;Adventure;G;18075331;36107823
96;Taking Care of Business;17/08/1990;Comedy;R;20005435;39963460
97;Mr. Destiny;12/10/1990;Comedy;PG-13;15379253;30722056
98;The Rescuers Down Under;16/11/1990;Adventure;G;27931461;55796728
99;3 Men and a Little Lady;21/11/1990;Comedy;PG;71609321;143108869
100;Green Card;25/12/1990;Romantic Comedy;PG-13;29804169;59679131
101;White Fang;18/01/1991;Adventure;PG;34729091;69540672
102;Scenes from a Mall;22/02/1991;Comedy;;9563393;19149495
103;Haakon Haakonsen;01/03/1991;Adventure;PG;15024232;30084149
104;The Marrying Man;05/04/1991;Romantic Comedy;R;12454768;24939118
105;Oscar;26/04/1991;Comedy;PG;23562716;47181395
106;One Good Cop;03/05/1991;Action;R;11276846;22580472
107;What About Bob?;17/05/1991;Comedy;PG;63710000;127571325
108;Wild Hearts Can't Be Broken;24/05/1991;Drama;;7300000;14617333
109;The Rocketeer;21/06/1991;Action;PG;46573027;93256673
110;The Doctor;24/07/1991;Drama;PG-13;37497480;75084021
111;Paradise;18/09/1991;Drama;PG-13;18634643;37313540
112;Deceived;27/09/1991;Thriller/Suspense;PG-13;28738096;57544453
113;Ernest Scared Stupid;11/10/1991;Comedy;PG;14143280;28320147
114;Billy Bathgate;01/11/1991;Drama;R;15565363;31167691
115;Beauty and the Beast;13/11/1991;Musical;G;218951625;363017667
116;Father of the Bride;20/12/1991;Comedy;PG;89325780;179821881
117;The Hand That Rocks the Cradle;10/01/1992;Thriller/Suspense;R;88036683;178831137
118;Medicine Man;07/02/1992;Drama;PG-13;44948240;91304495
119;Blame it on the Bellboy;06/03/1992;Comedy;PG-13;2891055;5872667
120;Noises Off...;20/03/1992;Comedy;PG-13;2280148;4631720
121;Straight Talk;03/04/1992;Comedy;PG;21202099;43068356
122;Newsies;08/04/1992;;PG;2706352;5497481
123;Passed Away;24/04/1992;;PG-13;4030793;8187848
124;Encino Man;22/05/1992;Comedy;PG;40057130;81369058
125;Sister Act;29/05/1992;Comedy;PG;139605150;283583472
126;Honey I Blew Up the Kid;17/07/1992;Comedy;PG;58662452;119162518
127;A Stranger Among Us;17/07/1992;Drama;PG-13;12282994;24950752
128;3 Ninjas;07/08/1992;Action;PG;29028000;58965304
129;A Gun in Betty Lou's Handbag;21/08/1992;;PG-13;3591460;7295423
130;Captain Ron;18/09/1992;Comedy;PG-13;22518097;45741576
131;Sarafina!;18/09/1992;Drama;PG-13;7306242;14841352
132;Innocent Blood;25/09/1992;Horror;R;4877567;9907922
133;The Mighty Ducks;02/10/1992;Comedy;PG;50752337;103120810
134;1492: Conquest of Paradise;09/10/1992;Adventure;PG-13;7099531;14421454
135;Consenting Adults;16/10/1992;Drama;R;21591728;43859823
136;Aladdin;11/11/1992;Comedy;G;217350219;441969178
137;The Distinguished Gentleman;04/12/1992;Comedy;R;46434570;94349900
138;The Muppet Christmas Carol;11/12/1992;Comedy;G;27281507;55417615
139;Alive;15/01/1993;Adventure;R;36299670;73914543
140;Aspen Extreme;22/01/1993;Romantic Comedy;PG-13;7843388;15970955
141;Homeward Bound: The Incredible Journey;03/02/1993;Adventure;G;41833324;85182343
142;The Cemetery Club;03/02/1993;Comedy;PG-13;5583621;11369541
143;Swing Kids;05/03/1993;Musical;PG-13;5632086;11468231
144;A Far Off Place;12/03/1993;Adventure;PG;12890752;26248558
145;Born Yesterday;26/03/1993;Romantic Comedy;PG;17760754;36165012
146;The Adventures of Huck Finn;02/04/1993;Adventure;PG;24103594;49080505
147;Bound by Honor;16/04/1993;;R;4496583;9156084
148;Indian Summer;23/04/1993;Comedy;R;14717851;29968953
149;Super Mario Bros.;28/05/1993;Action;PG;20844907;42445058
150;Guilty as Sin;04/06/1993;Thriller/Suspense;R;22622537;46064723
151;Life With Mikey;04/06/1993;Comedy;PG;12349549;25146538
152;What's Love Got to Do With It;09/06/1993;Drama;R;39100956;79618610
153;Son in Law;02/07/1993;Comedy;PG-13;25989889;52921433
154;Hocus Pocus;16/07/1993;Comedy;PG;39360491;80147079
155;Another Stakeout;23/07/1993;Comedy;PG-13;20107504;40943541
156;My Boyfriend's Back;06/08/1993;;PG-13;3218882;6554384
157;Father Hood;27/08/1993;;PG-13;3268203;6654819
158;The Joy Luck Club;08/09/1993;Drama;R;32790064;66768171
159;Money for Nothing;10/09/1993;Comedy;R;1044824;2127496
160;The Program;24/09/1993;Action;R;23042200;46919256
161;Cool Runnings;01/10/1993;Comedy;PG;68856263;140392731
162;The Nightmare Before Christmas;13/10/1993;Musical;PG;50408318;100026637
163;The Three Musketeers;12/11/1993;Adventure;PG;53661805;109310377
164;Sister Act 2 Back in the Habit;10/12/1993;Comedy;PG;57319029;116965668
165;Tombstone;25/12/1993;Western;R;56505065;115781734
166;The Air Up There;07/01/1994;Comedy;PG;20782439;42940186
167;Cabin Boy;07/01/1994;Comedy;PG-13;3469493;7168577
168;Iron Will;14/01/1994;Drama;PG;20623071;42610902
169;Red Rock West;28/01/1994;;R;2502551;5170709
170;Blank Check;11/02/1994;Comedy;PG;30573770;63170804
171;Angie;04/03/1994;Comedy;R;9252349;19116981
172;The Ref;09/03/1994;Comedy;R;11325885;23401275
173;D2: The Mighty Ducks;25/03/1994;Comedy;PG;45604206;94226333
174;Holy Matrimony;08/04/1994;Comedy;;713234;1473665
175;White Fang 2: Myth of the White Wolf;15/04/1994;Adventure;PG;8752399;18083994
176;The Inkwell;22/04/1994;Comedy;R;8864699;18316030
177;When a Man Loves a Woman;29/04/1994;Drama;R;50021959;103354194
178;3 Ninjas Kick Back;06/05/1994;Action;PG;11744960;24267154
179;Renaissance Man;03/06/1994;Comedy;PG-13;24172899;49945474
180;The Lion King;15/06/1994;Adventure;G;422780140;761640898
181;I Love Trouble;29/06/1994;Romantic Comedy;PG;30806194;63651027
182;Angels in the Outfield;15/07/1994;Comedy;PG;50236831;103798152
183;In the Army Now;12/08/1994;Comedy;PG;28881266;59673787
184;Color of Night;19/08/1994;Thriller/Suspense;R;19750470;40804816
185;Camp Nowhere;26/08/1994;Comedy;PG;10442641;21576332
186;It's Pat;26/08/1994;Comedy;;60822;125666
187;A Simple Twist of Fate;02/09/1994;Drama;PG-13;3404935;7035189
188;Quiz Show;14/09/1994;Drama;PG-13;24787282;50840394
189;Terminal Velocity;23/09/1994;Action;PG-13;16478900;34048315
190;Ed Wood;30/09/1994;Comedy;R;5828466;12042634
191;The Puppet Masters;21/10/1994;Horror;R;8579626;17727017
192;Squanto: A Warrior's Tale;28/10/1994;Drama;PG;3319344;6858345
193;The Santa Clause;11/11/1994;Comedy;PG;144833357;298369717
194;A Low Down Dirty Shame;23/11/1994;Action;R;29317886;60321919
195;The Jungle Book;25/12/1994;Adventure;PG;44342956;88930321
196;Houseguest;06/01/1995;Comedy;PG;26325256;51016522
197;Bad Company;20/01/1995;Thriller/Suspense;R;3523909;6829092
198;Miami Rhapsody;27/01/1995;Romantic Comedy;PG-13;5086578;9857435
199;The Jerky Boys;03/02/1995;Comedy;R;7555256;14641561
200;Heavy Weights;17/02/1995;Comedy;PG;17671310;34245779
201;Man of the House;03/03/1995;Comedy;PG;40029009;77573459
202;Roommates;03/03/1995;Comedy;PG;12076989;23404369
203;Tall Tale;24/03/1995;Western;PG;8247627;15983331
204;A Pyromaniac's Love Story;28/03/1995;Romantic Comedy;PG;468240;907414
205;Jefferson in Paris;31/03/1995;Drama;PG-13;2461628;4770461
206;Funny Bones;31/03/1995;Comedy;R;529135;1025425
207;A Goofy Movie;07/04/1995;Comedy;G;35336439;68479579
208;While You Were Sleeping;21/04/1995;Romantic Comedy;PG;81057016;157082900
209;Crimson Tide;12/05/1995;Action;R;91387195;177102077
210;Mad Love;26/05/1995;Drama;PG-13;15446532;29934306
211;Pocahontas;10/06/1995;Adventure;G;141579773;274370957
212;Judge Dredd;30/06/1995;Action;R;34687912;67222776
213;Operation Dumbo Drop;28/07/1995;Adventure;PG;24670346;47809421
214;Dangerous Minds;11/08/1995;Drama;R;84919401;164552293
215;A Kid in King Arthur's Court;11/08/1995;Adventure;PG;13406717;25981285
216;The Tie That Binds;08/09/1995;Thriller/Suspense;R;5762795;11167895
217;Unstrung Heroes;15/09/1995;Drama;PG;7929000;15365850
218;The Big Green;29/09/1995;Comedy;PG;17736619;34372339
219;Dead Presidents;04/10/1995;Drama;R;24120194;46741467
220;The Scarlet Letter;13/10/1995;Drama;R;10359006;20075033
221;Feast of July;13/10/1995;Drama;R;293274;568342
222;Powder;27/10/1995;Drama;PG-13;30833914;59727216
223;Toy Story;22/11/1995;Adventure;G;191796233;370409631
224;Father of the Bride Part II;08/12/1995;Comedy;PG;76578911;147658438
225;Nixon;20/12/1995;Drama;R;13668249;26302005
226;Tom and Huck;22/12/1995;Adventure;PG;23837227;45911517
227;Mr. Holland's Opus;29/12/1995;Drama;PG;82582604;157508868
228;White Squall;02/02/1996;Adventure;PG-13;10229300;19509726
229;Muppet Treasure Island;16/02/1996;Adventure;G;34327391;65470567
230;Mr. Wrong;16/02/1996;Romantic Comedy;PG-13;12805071;24422334
231;Before and After;23/02/1996;Drama;PG-13;8642118;16482589
232;Up Close & Personal;01/03/1996;Drama;PG-13;51045801;97356578
233;Homeward Bound II: Lost in San Franc…;08/03/1996;Adventure;G;32709423;62384706
234;Two Much;15/03/1996;Romantic Comedy;PG-13;1078555;2057055
235;Un indien dans la ville;22/03/1996;Comedy;PG;1029731;1963937
236;James and the Giant Peach;12/04/1996;Adventure;PG;28921264;55159783
237;Celtic Pride;19/04/1996;Comedy;PG-13;9240378;17623615
238;Last Dance;03/05/1996;Drama;R;5857534;11171714
239;Boys;10/05/1996;Drama;PG-13;21930418;41826566
240;Spy Hard;24/05/1996;Comedy;PG-13;26936265;51373912
241;Eddie;31/05/1996;Comedy;PG-13;31369401;59828966
242;The Rock;07/06/1996;Action;R;134069511;255702705
243;The Hunchback of Notre Dame;21/06/1996;Adventure;G;100138851;190988799
244;Phenomenon;05/07/1996;Drama;PG;104636382;199559799
245;Kazaam;17/07/1996;Comedy;PG;18880508;36009655
246;Jack;09/08/1996;Drama;PG-13;58617334;111792852
247;First Kid;30/08/1996;Comedy;PG;26465920;50465108
248;The Rich Man's Wife;13/09/1996;Thriller/Suspense;R;8538318;16284619
249;D3: The Mighty Ducks;04/10/1996;Comedy;PG;22936273;43713554
250;The Associate;25/10/1996;Comedy;PG-13;12772657;24333094
251;Ransom;08/11/1996;Action;R;136492681;259807820
252;The War at Home;20/11/1996;;R;34368;65543
253;101 Dalmatians;27/11/1996;Comedy;G;136189294;258728898
254;The Preacher's Wife;13/12/1996;Drama;PG;48102795;91076877
255;Evita;25/12/1996;Musical;PG;50047179;92077628
256;Metro;17/01/1997;Action;R;32017895;58804106
257;Prefontaine;24/01/1997;Drama;PG-13;590817;1085093
258;Shadow Conspiracy;31/01/1997;Thriller/Suspense;R;2154540;3957025
259;That Darn Cat;14/02/1997;Comedy;PG;18301828;33613158
260;Jungle 2 Jungle;07/03/1997;Comedy;PG;59925026;110058379
261;The Sixth Man;28/03/1997;Comedy;PG-13;14765099;27117599
262;Grosse Pointe Blank;11/04/1997;Black Comedy;R;28084357;51579764
263;Romy and Michele's High School Reunion;25/04/1997;Comedy;R;29235353;53693680
264;Gone Fishin';30/05/1997;Comedy;PG;19745922;36265379
265;Con Air;06/06/1997;Action;R;101117573;185712664
266;Hercules;13/06/1997;Adventure;G;99112101;182029412
267;George Of The Jungle;16/07/1997;Comedy;PG;105263257;193326632
268;Nothing To Lose;18/07/1997;Comedy;R;44480039;81692095
269;Air Bud;01/08/1997;Comedy;PG;24646936;45266588
270;G.I. Jane;22/08/1997;Drama;R;48169156;88467531
271;A Thousand Acres;19/09/1997;Drama;R;7928412;14561324
272;Washington Square;05/10/1997;Drama;PG;1775644;3257546
273;Rocket Man;10/10/1997;Comedy;PG;15448043;28371890
274;Playing God;17/10/1997;Thriller/Suspense;R;4166918;7652965
275;Flubber;26/11/1997;Comedy;PG;92993801;170406423
276;An American Werewolf in Paris;25/12/1997;Horror;R;26570463;48546161
277;Mr. Magoo;25/12/1997;Comedy;PG;21437192;39145784
278;Kundun;25/12/1997;Drama;PG-13;5686694;10236836
279;Deep Rising;30/01/1998;Action;R;11203026;20136775
280;Krippendorf's Tribe;27/02/1998;Comedy;PG-13;7571115;13608633
281;An Alan Smithee Film: Burn Hollywood …;27/02/1998;Comedy;R;45779;82277
282;Meet the Deedles;27/03/1998;Comedy;PG;4356126;7829877
283;He Got Game;01/05/1998;Drama;R;21567853;38766948
284;The Horse Whisperer;15/05/1998;Drama;PG-13;75383563;135497531
285;Six Days Seven Nights;12/06/1998;Romantic Comedy;PG-13;74339294;133620516
286;Mulan;19/06/1998;Adventure;G;120620254;216807832
287;Armageddon;01/07/1998;Adventure;PG-13;201578182;362324957
288;Jane Austen's Mafia;24/07/1998;Comedy;PG-13;19843795;35668055
289;The Parent Trap;29/07/1998;Comedy;PG;66308518;119185667
290;Firelight;04/09/1998;Drama;R;784419;1409943
291;Simon Birch;11/09/1998;Drama;PG;18253415;32809442
292;Holy Man;09/10/1998;Comedy;PG;12069719;21694605
293;Beloved;16/10/1998;Drama;R;22852487;41062682
294;The Waterboy;06/11/1998;Comedy;PG-13;161491646;288691833
295;I'll Be Home For Christmas;13/11/1998;Comedy;PG;12214338;21941840
296;A Bug's Life;20/11/1998;Adventure;G;162798565;288981698
297;Enemy of the State;20/11/1998;Action;R;111549836;198472008
298;Rushmore;11/12/1998;Black Comedy;R;17105219;28392518
299;A Civil Action;25/12/1998;Drama;PG-13;56709981;94139530
300;Mighty Joe Young;25/12/1998;Adventure;PG;50632037;87906042
301;My Favorite Martian;12/02/1999;Comedy;PG;36850101;61150849
302;The Other Sister;26/02/1999;Romantic Comedy;PG-13;27807627;46145331
303;Doug's 1st Movie;26/03/1999;Adventure;G;19421271;32228598
304;Ten Things I Hate About You;31/03/1999;Romantic Comedy;PG-13;38177966;63354375
305;Endurance;14/05/1999;;PG;229128;380218
306;Instinct;04/06/1999;Drama;R;34105207;56595842
307;Tarzan;16/06/1999;Adventure;G;171091819;283900254
308;Summer of Sam;02/07/1999;Drama;R;19288130;32007656
309;Inspector Gadget;23/07/1999;Comedy;PG;97387965;161610341
310;The Sixth Sense;06/08/1999;Thriller/Suspense;PG-13;293506292;485424724
311;The 13th Warrior;27/08/1999;Action;R;32698899;54262148
312;Breakfast of Champions;17/09/1999;Comedy;R;178287;295851
313;Mumford;24/09/1999;Comedy;R;4559569;7566363
314;Mystery Alaska;01/10/1999;Comedy;R;8891623;14755189
315;The Straight Story;15/10/1999;Drama;G;6197866;10111144
316;The Insider;05/11/1999;Drama;R;28965197;47794214
317;Toy Story 2;19/11/1999;Adventure;G;245852179;404450426
318;Cradle Will Rock;08/12/1999;Drama;R;2899970;4609153
319;Deuce Bigalow: Male Gigolo;10/12/1999;Comedy;R;65535067;106921374
320;Bicentennial Man;17/12/1999;Drama;PG;58220776;94838225
321;Play it to the Bone;24/12/1999;Comedy;R;8427204;13180524
322;Fantasia 2000 (IMAX);01/01/2000;Musical;G;60507228;94852354
323;Gun Shy;04/02/2000;Comedy;R;1638202;2562155
324;The Tigger Movie;11/02/2000;Adventure;G;45542421;71228678
325;Mission to Mars;10/03/2000;Adventure;PG;60874615;95208344
326;High Fidelity;31/03/2000;Comedy;R;27277055;42661516
327;Keeping the Faith;14/04/2000;Romantic Comedy;PG-13;37036404;57925202
328;Dinosaur;19/05/2000;Adventure;PG;137748063;215438985
329;Shanghai Noon;26/05/2000;Western;PG-13;56932305;89042541
330;Gone in 60 Seconds;09/06/2000;Action;PG-13;101643008;158970411
331;Fantasia 2000 (Theatrical Release);16/06/2000;Musical;G;9103630;14238144
332;The Kid;07/07/2000;Comedy;PG;69688384;108993148
333;Coyote Ugly;04/08/2000;Drama;PG-13;60786269;95070168
334;The Crew;25/08/2000;Comedy;PG-13;13019253;20362201
335;Duets;15/09/2000;Drama;R;4734235;7404372
336;Remember the Titans;29/09/2000;Drama;PG;115654751;180742479
337;Unbreakable;22/11/2000;Thriller/Suspense;PG-13;94999143;148208901
338;102 Dalmatians;22/11/2000;Comedy;G;66941559;104055039
339;The Emperor's New Groove;15/12/2000;Adventure;G;89296573;136789252
340;O Brother  Where Art Thou?;22/12/2000;Comedy;PG-13;45506619;67922002
341;Double Take;12/01/2001;Action;PG-13;29823162;44418589
342;Recess: School's Out;16/02/2001;Comedy;G;36696761;54656124
343;Just Visiting;06/04/2001;Comedy;PG-13;4777007;7114869
344;Pearl Harbor;25/05/2001;Action;PG-13;198539855;295705112
345;Atlantis: The Lost Empire;08/06/2001;Adventure;PG;84052762;125188122
346;crazy/beautiful;29/06/2001;Drama;PG-13;16929123;25214223
347;The Princess Diaries;03/08/2001;Comedy;G;108244774;161218928
348;Bubble Boy;24/08/2001;Comedy;PG-13;5002310;7450434
349;Max Keeble's Big Move;05/10/2001;Comedy;PG;17292381;25749730
350;Corky Romano;12/10/2001;Comedy;PG-13;23978402;35705805
351;High Heels and Low Lifes;26/10/2001;;R;226792;337782
352;Monsters Inc.;02/11/2001;Adventure;G;289423425;416073179
353;Out Cold;21/11/2001;Comedy;PG-13;13906394;20700691
354;The Royal Tenenbaums;14/12/2001;Black Comedy;R;52353636;76758193
355;Beauty and the Beast (IMAX);01/01/2002;Musical;G;25487028;36980311
356;Frank McKlusky C.I.;01/01/2002;;;0;0
357;Snow Dogs;18/01/2002;Comedy;PG;81150692;117745317
358;The Count of Monte Cristo;25/01/2002;Drama;PG-13;54228104;78682079
359;Peter Pan: Return to Neverland;15/02/2002;Adventure;G;48430258;70269715
360;Reign of Fire;19/02/2002;Action;PG-13;43061982;62480631
361;Sorority Boys;22/03/2002;Comedy;R;10198766;14797862
362;The Rookie;29/03/2002;Drama;G;75600072;109691666
363;Big Trouble;05/04/2002;Comedy;PG-13;7262288;10537188
364;ESPN's Ultimate X - The Movie;10/05/2002;Documentary;PG;4197175;6089874
365;Bad Company;07/06/2002;Action;PG-13;30157016;43756218
366;Lilo & Stitch;21/06/2002;Adventure;PG;145771527;211506702
367;The Country Bears;26/07/2002;Adventure;G;16988996;24650121
368;Signs;02/08/2002;Thriller/Suspense;PG-13;227965690;330754439
369;Sen to Chihiro no Kamikakushi;20/09/2002;Adventure;PG;10049886;14338992
370;Sweet Home Alabama;27/09/2002;Comedy;PG-13;127214072;184521151
371;Moonlight Mile;27/09/2002;Drama;PG-13;6830957;9909094
372;Tuck Everlasting;11/10/2002;Drama;PG;19161999;27789959
373;The Santa Clause 2;01/11/2002;Comedy;G;139225854;201959095
374;Treasure Planet;27/11/2002;Adventure;PG;38120554;55189145
375;The Hot Chick;13/12/2002;Comedy;PG-13;35081550;50624654
376;25th Hour;19/12/2002;Drama;R;13084595;18325463
377;The Recruit;31/01/2003;Thriller/Suspense;PG-13;52784696;73793522
378;Shanghai Knights;07/02/2003;Adventure;PG-13;60470220;84537962
379;The Jungle Book 2;14/02/2003;Adventure;G;47901582;66966883
380;Bringing Down the House;07/03/2003;Comedy;PG-13;132675402;185481530
381;Piglet's Big Movie;21/03/2003;Comedy;G;23103423;32298812
382;Ghosts of the Abyss;11/04/2003;Documentary;G;17093668;23803108
383;Holes;18/04/2003;Drama;PG;67383924;94203395
384;The Lizzie McGuire Movie;02/05/2003;Comedy;PG;42734455;59743191
385;Finding Nemo;30/05/2003;Adventure;G;380529370;518148559
386;Pirates of the Caribbean: The Curse o…;09/07/2003;Adventure;PG-13;305411224;426967926
387;Freaky Friday;06/08/2003;Comedy;PG;110222438;154090360
388;Open Range;15/08/2003;Western;R;58331254;81547672
389;Cold Creek Manor;19/09/2003;Thriller/Suspense;R;21384035;29895090
390;Under the Tuscan Sun;26/09/2003;Comedy;PG-13;43601508;60944053
391;Veronica Guerin;17/10/2003;Drama;R;1569918;2194759
392;Brother Bear;24/10/2003;Adventure;G;85336277;119218333
393;The Haunted Mansion;26/11/2003;Comedy;PG;75817994;105775678
394;Calendar Girls;19/12/2003;Comedy;PG-13;31011616;42379650
395;Young Black Stallion;25/12/2003;Adventure;G;6751389;9254344
396;Teacher's Pet: The Movie;16/01/2004;Comedy;PG;6491969;8812764
397;Miracle;06/02/2004;Drama;PG;64378093;87392478
398;Confessions of a Teenage Drama Queen;20/02/2004;Comedy;PG;29331068;39816568
399;Hidalgo;05/03/2004;Western;PG-13;67286731;91340921
400;The Ladykillers;26/03/2004;Comedy;R;39692139;53881593
401;Home on the Range;02/04/2004;Comedy;PG;50026353;67910166
402;The Alamo;09/04/2004;Western;PG-13;22406362;30416359
403;Raising Helen;28/05/2004;Comedy;PG-13;37485528;50886144
404;Around the World in 80 Days;16/06/2004;Adventure;PG;24004159;32585356
405;America's Heart and Soul;02/07/2004;Documentary;Not Rated;314000;426246
406;King Arthur;07/07/2004;Adventure;PG-13;51877963;70423706
407;The Village;30/07/2004;Thriller/Suspense;PG-13;114197520;155021748
408;The Princess Diaries 2: Royal Engagement;11/08/2004;Romantic Comedy;G;95149435;129164207
409;Mr. 3000;17/09/2004;Comedy;PG-13;21800302;29593641
410;The Last Shot;24/09/2004;Comedy;R;463730;629502
411;Ladder 49;01/10/2004;Action;PG-13;74541707;101161045
412;The Incredibles;05/11/2004;Adventure;PG;261441092;354488708
413;National Treasure;19/11/2004;Adventure;PG;173005002;234069353
414;The Life Aquatic with Steve Zissou;10/12/2004;Comedy;R;24006726;32198655
415;Aliens of the Deep;28/01/2005;Documentary;G;8968684;11740942
416;Pooh's Heffalump Movie;11/02/2005;Adventure;G;18098433;23801835
417;The Pacifier;04/03/2005;Comedy;PG;113006880;148619029
418;Ice Princess;18/03/2005;Comedy;G;24381334;32064685
419;A Lot Like Love;22/04/2005;Comedy;PG-13;21835784;28716947
420;The Hitchhiker's Guide to the Galaxy;29/04/2005;Comedy;PG;51019112;67096891
421;Hauru no ugoku shiro;10/06/2005;Adventure;PG;4710455;6194870
422;Herbie: Fully Loaded;22/06/2005;Comedy;G;66010682;86812798
423;Dark Water;08/07/2005;Thriller/Suspense;PG-13;25473093;33500491
424;Sky High;29/07/2005;Adventure;PG;63939454;84088854
425;Valiant;19/08/2005;Adventure;G;19478106;25616292
426;Flightplan;23/09/2005;Thriller/Suspense;PG-13;89706988;117960425
427;The Greatest Game Ever Played;30/09/2005;Drama;PG;15331289;20162672
428;Shopgirl;21/10/2005;Drama;R;10284523;13519621
429;Chicken Little;04/11/2005;Adventure;G;135386665;177954661
430;The Chronicles of Narnia: The Lion  t…;09/12/2005;Adventure;PG;291710957;381557539
431;Casanova;25/12/2005;Drama;R;11304403;14574087
432;Glory Road;13/01/2006;Drama;PG;42647449;54888236
433;Annapolis;27/01/2006;Drama;PG-13;17127992;22044113
434;Roving Mars;27/01/2006;Documentary;G;10407978;12948025
435;Eight Below;17/02/2006;Adventure;PG;81612565;105037235
436;The Shaggy Dog;10/03/2006;Comedy;PG;61123569;78667428
437;Stay Alive;24/03/2006;Horror;PG-13;23086480;29712825
438;The Wild;14/04/2006;Adventure;G;37384046;48114115
439;Stick It;28/04/2006;Comedy;PG-13;26910736;34634731
440;Goal! The Dream Begins;12/05/2006;Drama;PG;4283255;5512647
441;Cars;09/06/2006;Comedy;G;244082982;314140384
442;Pirates of the Caribbean: Dead Man’…;07/07/2006;Adventure;PG-13;423315812;544817142
443;Step Up;11/08/2006;Drama;PG-13;65328121;84078780
444;Invincible;25/08/2006;Drama;PG;57806952;74398864
445;The Guardian;29/09/2006;Action;PG-13;55011732;70801353
446;The Prestige;20/10/2006;Thriller/Suspense;PG-13;53089891;68289913
447;Tim Burton's The Nightmare Before Chr…;20/10/2006;Musical;PG;24732041;30737517
448;The Santa Clause 3: The Escape Clause;03/11/2006;Comedy;G;84500122;108694869
449;Déjà Vu;22/11/2006;Thriller/Suspense;PG-13;64038616;82267038
450;Apocalypto;08/12/2006;Adventure;R;50866635;64959548
451;Primeval;12/01/2007;Adventure;R;10597734;12985302
452;Bridge to Terabithia;16/02/2007;Drama;PG;82234139;100760721
453;Wild Hogs;02/03/2007;Comedy;PG-13;168213584;206110533
454;Meet the Robinsons;30/03/2007;Adventure;G;97822171;119860589
455;The Lookout;30/03/2007;Drama;R;4600585;5637048
456;The Hoax;06/04/2007;Drama;R;7164995;8779196
457;The Invisible;27/04/2007;Thriller/Suspense;PG-13;20568319;25202168
458;Pirates of the Caribbean: At World’…;24/05/2007;Adventure;PG-13;309420425;379129960
459;Ratatouille;29/06/2007;Comedy;G;206445654;252955933
460;Underdog;03/08/2007;Adventure;PG;43760605;53619462
461;The Game Plan;22/09/2007;Comedy;PG;90648202;111010758
462;Dan in Real Life;20/10/2007;Romantic Comedy;PG-13;47642963;58350234
463;Enchanted;21/11/2007;Romantic Comedy;PG;127706877;156074310
464;National Treasure 2: Book of Secrets;21/12/2007;Adventure;PG;219961501;267003525
465;Hannah Montana/Miley Cyrus: Best of B…;01/02/2008;Concert/Performance;G;65281781;76646993
466;Step Up 2 the Streets;14/02/2008;Drama;PG-13;58017783;68118371
467;College Road Trip;07/03/2008;Comedy;G;45610425;53550960
468;The Chronicles of Narnia: Prince Caspian;16/05/2008;Adventure;PG;141621490;166277038
469;WALL-E;27/06/2008;Adventure;G;223808164;262771918
470;Swing Vote;01/08/2008;Comedy;PG-13;16289867;19125841
471;Goal! 2: Living the Dream...;29/08/2008;Drama;PG-13;225067;264247
472;Miracle at St. Anna;26/09/2008;Drama;R;7916887;9295171
473;Beverly Hills Chihuahua;03/10/2008;Comedy;PG;94514402;110932022
474;Morning Light;17/10/2008;Documentary;PG;275093;322979
475;High School Musical 3: Senior Year;24/10/2008;Musical;G;90559416;106308538
476;Bolt;21/11/2008;Comedy;PG;114053759;133702498
477;Bedtime Stories;25/12/2008;Comedy;PG;110101975;128039679
478;Confessions of a Shopaholic;13/02/2009;Romantic Comedy;PG;44277350;49767744
479;Jonas Brothers: The 3D Concert Experi…;27/02/2009;Concert/Performance;G;38174685;38174685
480;Race to Witch Mountain;13/03/2009;Adventure;PG;67172594;75501997
481;Hannah Montana the Movie;10/04/2009;Drama;G;79576189;89443640
482;Earth;22/04/2009;Documentary;G;32011576;35981010
483;Up;29/05/2009;Adventure;PG;293004164;329336681
484;The Proposal;19/06/2009;Romantic Comedy;PG-13;163958031;184288829
485;G-Force;24/07/2009;Adventure;PG;119436770;134246932
486;Gake no ue no Ponyo;14/08/2009;Adventure;G;15090399;16961607
487;X Games 3D: The Movie;21/08/2009;Documentary;PG;1391434;1563976
488;Walt and El Grupo;10/09/2009;Documentary;PG;20521;23064
489;Surrogates;25/09/2009;Action;PG-13;38577772;43361416
490;Toy Story 3D Double Feature;02/10/2009;Adventure;G;30702446;34509545
491;Disney's A Christmas Carol;06/11/2009;Drama;PG;137855863;154927105
492;The Princess and the Frog;25/11/2009;Adventure;G;104400899;116316457
493;Old Dogs;25/11/2009;Comedy;PG;49492060;55503929
494;When in Rome;29/01/2010;Romantic Comedy;PG-13;32680633;34917330
495;Alice in Wonderland;05/03/2010;Adventure;PG;334191110;357063499
496;Waking Sleeping Beauty;26/03/2010;Documentary;PG;80741;86264
497;The Last Song;31/03/2010;Drama;PG;62950384;67258772
498;Oceans;22/04/2010;Documentary;G;19422319;20751600
499;Prince of Persia: Sands of Time;28/05/2010;Action;PG-13;90759676;96971361
500;Toy Story 3;18/06/2010;Adventure;G;415004880;443408255
501;The Sorcerer's Apprentice;14/07/2010;Adventure;PG;63150991;67473105
502;Step Up 3D;06/08/2010;Drama;PG-13;42400223;45302137
503;Gedo Senki (Tales from Earthsea);13/08/2010;Adventure;PG-13;48658;51988
504;You Again;24/09/2010;Comedy;PG;25702053;27461121
505;Secretariat;08/10/2010;Drama;PG;59699513;63781920
506;Tangled;24/11/2010;Adventure;PG;200821936;214388548
507;Tron: Legacy;17/12/2010;Adventure;PG;172062763;183619259
508;Gnomeo and Juliet;11/02/2011;Comedy;G;99967670;106270797
509;I am Number Four;18/02/2011;Adventure;PG-13;55100437;58574607
510;Mars Needs Moms;11/03/2011;Adventure;PG;21392758;22741603
511;African Cats;22/04/2011;Documentary;G;15428747;16401551
512;Zokkomon;22/04/2011;Adventure;PG;2815;2984
513;Prom;29/04/2011;Comedy;PG;10130219;10768946
514;Pirates of the Caribbean: On Stranger…;20/05/2011;Adventure;PG-13;241063875;256263359
515;Cars 2;24/06/2011;Adventure;G;191450875;203522177
516;Winnie the Pooh;15/07/2011;Adventure;G;26692846;28375869
517;The Help;10/08/2011;Drama;PG-13;169705587;180404976
518;Fright Night;19/08/2011;Horror;R;18298649;19452402
519;Real Steel;07/10/2011;Action;PG-13;85463309;90848019
520;The Muppets;23/11/2011;Comedy;PG;88625922;94189503
521;War Horse;25/12/2011;Drama;PG-13;79883359;84762149
522;The Secret World of Arietty;17/02/2012;Adventure;G;19192510;20325733
523;John Carter;09/03/2012;Adventure;PG-13;73058679;77372445
524;Chimpanzee;20/04/2012;Documentary;G;28965459;30675725
525;The Avengers;04/05/2012;Action;PG-13;623279547;660081224
526;Brave;22/06/2012;Adventure;PG;237282182;251292441
527;People Like Us;29/06/2012;Drama;PG-13;12431792;13165822
528;The Odd Life of Timothy Green;15/08/2012;Drama;PG;51853450;54914942
529;Frankenweenie;05/10/2012;Comedy;PG;35287788;37363513
530;Wreck-It Ralph;02/11/2012;Adventure;PG;189412677;200354959
531;Lincoln;09/11/2012;Drama;PG-13;182207973;192122330
532;Oz the Great and Powerful;08/03/2013;Adventure;PG;234770996;243434130
533;Iron Man 3;03/05/2013;Action;PG-13;408992272;424084233
534;Monsters University;21/06/2013;Adventure;G;268488329;278395641
535;The Lone Ranger;02/07/2013;Western;PG-13;89302115;92597388
536;Disney Planes;09/08/2013;Comedy;PG;90282580;93614037
537;The Fifth Estate;18/10/2013;Drama;R;3254172;3374251
538;Thor: The Dark World;08/11/2013;Adventure;PG-13;206362140;213962184
539;Kaze Tachinu;08/11/2013;Drama;PG-13;5201879;5367415
540;Frozen;22/11/2013;Adventure;PG;400738009;414997174
541;Delivery Man;22/11/2013;Comedy;PG-13;30659817;31787136
542;Saving Mr. Banks;13/12/2013;Drama;PG-13;83299761;86249969
543;Need for Speed;14/03/2014;Action;PG-13;43568507;44955015
544;Muppets Most Wanted;21/03/2014;Comedy;PG;51178893;52807594
545;Captain America: The Winter Soldier;04/04/2014;Action;PG-13;259746958;268013076
546;Bears;18/04/2014;Documentary;G;17780194;18346024
547;Million Dollar Arm;10/05/2014;Drama;PG;36447959;37607865
548;Maleficent;30/05/2014;Adventure;PG;241407328;249089809
549;Planes: Fire and Rescue;18/07/2014;Adventure;PG;59157732;61040349
550;Guardians of the Galaxy;01/08/2014;Adventure;PG-13;333172112;343771168
551;The Hundred-Foot Journey;08/08/2014;Romantic Comedy;PG;54235441;55961409
552;Alexander and the Terrible Horrible;10/10/2014;Comedy;PG;66954149;69055550
553;Big Hero 6;07/11/2014;Adventure;PG;222527828;229249222
554;Into the Woods;25/12/2014;Musical;PG;128002372;130894237
555;Strange Magic;23/01/2015;Adventure;PG;12429583;12429583
556;McFarland USA;20/02/2015;Drama;PG;44480275;44480275
557;Cinderella;13/03/2015;Drama;PG;201151353;201151353
558;Monkey Kingdom;17/04/2015;Documentary;G;16432322;16432322
559;Avengers: Age of Ultron;01/05/2015;Action;PG-13;459005868;459005868
560;Tomorrowland;22/05/2015;Adventure;PG;93436322;93436322
561;Inside Out;19/06/2015;Adventure;PG;356461711;356461711
562;Ant-Man;17/07/2015;Action;PG-13;180202163;180202163
563;Bridge of Spies;16/10/2015;Thriller/Suspense;PG-13;72313754;72313754
564;The Good Dinosaur;25/11/2015;Adventure;PG;123087120;123087120
565;Star Wars Ep. VII: The Force Awakens;18/12/2015;Adventure;PG-13;936662225;936662225
566;The Finest Hours;29/01/2016;Thriller/Suspense;PG;27569558;27569558
567;Zootopia;04/03/2016;Adventure;PG;341268248;341268248
568;The Jungle Book;15/04/2016;Adventure;PG;364001123;364001123
569;A Beautiful Planet;29/04/2016;Documentary;G;7895708;7895708
570;Captain America: Civil War;06/05/2016;Action;PG-13;408084349;408084349
571;Alice Through the Looking Glass;27/05/2016;Adventure;PG;77042381;77042381
572;Finding Dory;17/06/2016;Adventure;PG;486295561;486295561
573;The BFG;01/07/2016;Adventure;PG;55483770;55483770
574;Pete’s Dragon;12/08/2016;Adventure;PG;76233151;76233151
575;The Light Between Oceans;02/09/2016;Drama;PG-13;12545979;12545979
576;Queen of Katwe;23/09/2016;Drama;PG;8874389;8874389
577;Doctor Strange;04/11/2016;Adventure;PG-13;232532923;232532923
578;Moana;23/11/2016;Adventure;PG;246082029;246082029
579;Rogue One: A Star Wars Story;16/12/2016;Adventure;PG-13;529483936;529483936
