id;movie_title;num_launch_days;genre;mpaa_rating;total_gross;inflation_adjusted_gross
1;Snow White and the Seven Dwarfs;1500;Musical;G;184925485;5228953251
2;Pinocchio;2000;Adventure;G;84300000;2188229052
3;Fantasia;200;Musical;G;83320000;2187090808
4;Song of the South;200;Adventure;G;65000000;1078510579
5;Cinderella;880;Drama;G;85000000;920608730
6;20000 Leagues Under the Sea;821;Adventure;28200000;528279994;
7;Lady and the Tramp;815;Drama;G;93600000;1236035515
8;Sleeping Beauty;772;Drama;9464608;21505832;
9;101 Dalmatians;748;Comedy;G;153000000;1362870985
10;The Absent Minded Professor;747;Comedy;25381407;310094574;
11;Babes in Toyland;738;Musical;G;10218316;124841160
12;Bon Voyage!;733;Comedy;Not Rated;9230769;109581646
13;The Sword in the Stone;713;Adventure;22182353;153870834;
14;The Jungle Book;668;Musical;Not Rated;141843000;789612346
15;Blackbeard's Ghost;664;Comedy;21540050;138612686;
16;The Aristocats;637;Musical;G;55675257;255161499
17;The Boatniks;635;Comedy;18607492;101200742;
18;Bedknobs and Broomsticks;620;Musical;17871174;91305448;
19;The Apple Dumpling Gang;575;Comedy;31916500;131246872;
20;Freaky Friday;556;Comedy;25942000;98067733;
21;The Many Adventures of Winnie the Pooh;555;;0;0;
22;The Rescuers;551;Adventure;48775599;159743914;
23;Herbie Goes to Monte Carlo;551;;28000000;105847527;
24;The Black Hole;521;;35841901;120377374;
25;Midnight Madness;520;;2900000;9088096;
26;The Last Flight of Noah’s Ark;515;;11000000;34472116;
27;The Devil and Max Devlin;509;;16000000;48517980;
28;Amy;506;Drama;0;0;
29;The Fox and the Hound;503;Comedy;43899231;133118889;
30;Condorman;502;Action;0;0;
31;Night Crossing;496;Drama;4500000;12903059;
32;Tron;491;Action;26918576;77184895;
33;Tex;486;Drama;7199408;20643199;
34;Trenchcoat;483;Comedy;4304286;11519089;
35;Something Wicked This Way Comes;481;Horror;5656087;15136765;
36;Never Cry Wolf;476;Drama;27668764;70669955;
37;Running Brave;475;Drama;1204595;3223725;
38;Splash;471;Comedy;PG;62599495;157057661
39;Country;464;Drama;8400000;21075000;
40;Baby: Secret of the Lost Legend;458;Adventure;14276095;33900697;
41;Return to Oz;455;Adventure;10618813;25215934;
42;The Black Cauldron;454;Adventure;21288692;50553142;
43;My Science Project;454;Comedy;4100000;9736051;
44;The Journey of Natty Gann;452;Drama;9468512;22302956;
45;One Magic Christmas;450;Drama;13229514;31415432;
46;Down and Out in Beverly Hills;448;Comedy;R;62134225;141183693
47;Off Beat;446;Comedy;4842778;11003932;
48;Ruthless People;443;Comedy;R;71624879;162748712
49;The Great Mouse Detective;443;Adventure;23605534;53637367;
50;Flight of the Navigator;442;Adventure;18564613;42183197;
51;Tough Guys;440;Comedy;21458229;48758184;
52;The Color of Money;440;Drama;R;52293000;117957323
53;Outrageous Fortune;436;Comedy;R;52864741;113976921
54;Tin Men;435;Comedy;25411386;54787202;
55;Ernest Goes to Camp;432;Comedy;23509382;50686462;
56;Benji the Hunted;432;Adventure;15212539;32798382;
57;Adventures in Babysitting;431;Comedy;33790923;72853569;
58;Stakeout;430;Comedy;R;65673233;141592160
59;Can't Buy Me Love;430;Romantic Comedy;31623833;68181300;
60;Hello Again;427;Comedy;20419446;44024529;
61;3 Men and a Baby;426;Comedy;PG;167780960;353334607
62;Good Morning Vietnam;425;Comedy;R;123922370;254414837
63;Shoot to Kill;424;Action;29300000;60097074;
64;D.O.A.;423;Thriller/Suspense;12706478;26062188;
65;Return to Snowy River;422;Adventure;PG;13687027;28073384
66;Big Business;420;Comedy;PG;40150487;82352451
67;Who Framed Roger Rabbit?;419;Comedy;PG;154112492;316250084
68;Cocktail;418;Drama;R;78222753;160442289
69;The Rescue;418;Action;5855392;12009960;
70;Heartbreak Hotel;416;Comedy;5509417;11300331;
71;The Good Mother;415;Drama;4764606;9772655;
72;Ernest Saves Christmas;415;Comedy;PG;28202109;57845202
73;Oliver & Company;415;Adventure;G;49576671;102254492
74;Beaches;413;Drama;PG-13;57041866;120381757
75;Three Fugitives;412;Comedy;PG-13;40590000;85757817
76;New York Stories;411;Drama;PG;10763469;22740861
77;Disorganized Crime;410;Comedy;7210149;15233465;
78;Dead Poets Society;408;Drama;PG;95860116;202531517
79;Honey  I Shrunk the Kids;407;Adventure;PG;130724172;276191669
80;Turner & Hooch;406;Comedy;PG;71079915;150176361
81;Cheetah;406;Adventure;7882250;16653473;
82;An Innocent Man;404;Drama;R;19397847;40983414
83;Gross Anatomy;403;Drama;PG-13;11346186;23972012
84;The Little Mermaid;403;Adventure;G;111543479;223726012
85;Blaze;402;Drama;R;19049727;39884640
86;Stella;400;Drama;PG-13;20062347;40077147
87;Where the Heart Is;399;Comedy;1106475;2210321;
88;Pretty Woman;398;Romantic Comedy;R;178406268;356389765
89;Ernest Goes to Jail;398;Comedy;PG;25029569;49999822
90;Spaced Invaders;397;Comedy;PG;15000000;29964452
91;Fire Birds;396;Action;PG-13;14760451;29485923
92;Dick Tracy;396;Action;PG;103738726;207231621
93;Betsy's Wedding;395;Comedy;R;19740070;39433357
94;Arachnophobia;395;Thriller/Suspense;PG-13;53208180;106290270
95;DuckTales: The Movie - Treasure of th…;394;Adventure;G;18075331;36107823
96;Taking Care of Business;394;Comedy;R;20005435;39963460
97;Mr. Destiny;392;Comedy;PG-13;15379253;30722056
98;The Rescuers Down Under;391;Adventure;G;27931461;55796728
99;3 Men and a Little Lady;390;Comedy;PG;71609321;143108869
100;Green Card;389;Romantic Comedy;PG-13;29804169;59679131
101;White Fang;389;Adventure;PG;34729091;69540672
102;Scenes from a Mall;387;Comedy;9563393;19149495;
103;Haakon Haakonsen;387;Adventure;PG;15024232;30084149
104;The Marrying Man;386;Romantic Comedy;R;12454768;24939118
105;Oscar;385;Comedy;PG;23562716;47181395
106;One Good Cop;385;Action;R;11276846;22580472
107;What About Bob?;385;Comedy;PG;63710000;127571325
108;Wild Hearts Can't Be Broken;384;Drama;7300000;14617333;
109;The Rocketeer;383;Action;PG;46573027;93256673
110;The Doctor;382;Drama;PG-13;37497480;75084021
111;Paradise;381;Drama;PG-13;18634643;37313540
112;Deceived;380;Thriller/Suspense;PG-13;28738096;57544453
113;Ernest Scared Stupid;380;Comedy;PG;14143280;28320147
114;Billy Bathgate;379;Drama;R;15565363;31167691
115;Beauty and the Beast;379;Musical;G;218951625;363017667
116;Father of the Bride;377;Comedy;PG;89325780;179821881
117;The Hand That Rocks the Cradle;377;Thriller/Suspense;R;88036683;178831137
118;Medicine Man;376;Drama;PG-13;44948240;91304495
119;Blame it on the Bellboy;375;Comedy;PG-13;2891055;5872667
120;Noises Off...;374;Comedy;PG-13;2280148;4631720
121;Straight Talk;374;Comedy;PG;21202099;43068356
122;Newsies;374;PG;2706352;5497481;
123;Passed Away;373;PG-13;4030793;8187848;
124;Encino Man;372;Comedy;PG;40057130;81369058
125;Sister Act;372;Comedy;PG;139605150;283583472
126;Honey I Blew Up the Kid;371;Comedy;PG;58662452;119162518
127;A Stranger Among Us;371;Drama;PG-13;12282994;24950752
128;3 Ninjas;370;Action;PG;29028000;58965304
129;A Gun in Betty Lou's Handbag;369;PG-13;3591460;7295423;
130;Captain Ron;369;Comedy;PG-13;22518097;45741576
131;Sarafina!;369;Drama;PG-13;7306242;14841352
132;Innocent Blood;368;Horror;R;4877567;9907922
133;The Mighty Ducks;368;Comedy;PG;50752337;103120810
134;1492: Conquest of Paradise;368;Adventure;PG-13;7099531;14421454
135;Consenting Adults;368;Drama;R;21591728;43859823
136;Aladdin;367;Comedy;G;217350219;441969178
137;The Distinguished Gentleman;366;Comedy;R;46434570;94349900
138;The Muppet Christmas Carol;366;Comedy;G;27281507;55417615
139;Alive;365;Adventure;R;36299670;73914543
140;Aspen Extreme;364;Romantic Comedy;PG-13;7843388;15970955
141;Homeward Bound: The Incredible Journey;364;Adventure;G;41833324;85182343
142;The Cemetery Club;364;Comedy;PG-13;5583621;11369541
143;Swing Kids;363;Musical;PG-13;5632086;11468231
144;A Far Off Place;363;Adventure;PG;12890752;26248558
145;Born Yesterday;362;Romantic Comedy;PG;17760754;36165012
146;The Adventures of Huck Finn;362;Adventure;PG;24103594;49080505
147;Bound by Honor;362;R;4496583;9156084;
148;Indian Summer;361;Comedy;R;14717851;29968953
149;Super Mario Bros.;360;Action;PG;20844907;42445058
150;Guilty as Sin;360;Thriller/Suspense;R;22622537;46064723
151;Life With Mikey;360;Comedy;PG;12349549;25146538
152;What's Love Got to Do With It;360;Drama;R;39100956;79618610
153;Son in Law;359;Comedy;PG-13;25989889;52921433
154;Hocus Pocus;359;Comedy;PG;39360491;80147079
155;Another Stakeout;358;Comedy;PG-13;20107504;40943541
156;My Boyfriend's Back;358;PG-13;3218882;6554384;
157;Father Hood;357;PG-13;3268203;6654819;
158;The Joy Luck Club;357;Drama;R;32790064;66768171
159;Money for Nothing;357;Comedy;R;1044824;2127496
160;The Program;356;Action;R;23042200;46919256
161;Cool Runnings;356;Comedy;PG;68856263;140392731
162;The Nightmare Before Christmas;356;Musical;PG;50408318;100026637
163;The Three Musketeers;355;Adventure;PG;53661805;109310377
164;Sister Act 2 Back in the Habit;354;Comedy;PG;57319029;116965668
165;Tombstone;353;Western;R;56505065;115781734
166;The Air Up There;353;Comedy;PG;20782439;42940186
167;Cabin Boy;353;Comedy;PG-13;3469493;7168577
168;Iron Will;353;Drama;PG;20623071;42610902
169;Red Rock West;352;R;2502551;5170709;
170;Blank Check;352;Comedy;PG;30573770;63170804
171;Angie;351;Comedy;R;9252349;19116981
172;The Ref;351;Comedy;R;11325885;23401275
173;D2: The Mighty Ducks;350;Comedy;PG;45604206;94226333
174;Holy Matrimony;350;Comedy;713234;1473665;
175;White Fang 2: Myth of the White Wolf;350;Adventure;PG;8752399;18083994
176;The Inkwell;349;Comedy;R;8864699;18316030
177;When a Man Loves a Woman;349;Drama;R;50021959;103354194
178;3 Ninjas Kick Back;349;Action;PG;11744960;24267154
179;Renaissance Man;348;Comedy;PG-13;24172899;49945474
180;The Lion King;348;Adventure;G;422780140;761640898
181;I Love Trouble;347;Romantic Comedy;PG;30806194;63651027
182;Angels in the Outfield;347;Comedy;PG;50236831;103798152
183;In the Army Now;346;Comedy;PG;28881266;59673787
184;Color of Night;345;Thriller/Suspense;R;19750470;40804816
185;Camp Nowhere;345;Comedy;PG;10442641;21576332
186;It's Pat;345;Comedy;60822;125666;
187;A Simple Twist of Fate;345;Drama;PG-13;3404935;7035189
188;Quiz Show;345;Drama;PG-13;24787282;50840394
189;Terminal Velocity;344;Action;PG-13;16478900;34048315
190;Ed Wood;344;Comedy;R;5828466;12042634
191;The Puppet Masters;343;Horror;R;8579626;17727017
192;Squanto: A Warrior's Tale;343;Drama;PG;3319344;6858345
193;The Santa Clause;343;Comedy;PG;144833357;298369717
194;A Low Down Dirty Shame;342;Action;R;29317886;60321919
195;The Jungle Book;341;Adventure;PG;44342956;88930321
196;Houseguest;341;Comedy;PG;26325256;51016522
197;Bad Company;340;Thriller/Suspense;R;3523909;6829092
198;Miami Rhapsody;340;Romantic Comedy;PG-13;5086578;9857435
199;The Jerky Boys;340;Comedy;R;7555256;14641561
200;Heavy Weights;340;Comedy;PG;17671310;34245779
201;Man of the House;339;Comedy;PG;40029009;77573459
202;Roommates;339;Comedy;PG;12076989;23404369
203;Tall Tale;338;Western;PG;8247627;15983331
204;A Pyromaniac's Love Story;338;Romantic Comedy;PG;468240;907414
205;Jefferson in Paris;338;Drama;PG-13;2461628;4770461
206;Funny Bones;338;Comedy;R;529135;1025425
207;A Goofy Movie;338;Comedy;G;35336439;68479579
208;While You Were Sleeping;337;Romantic Comedy;PG;81057016;157082900
209;Crimson Tide;337;Action;R;91387195;177102077
210;Mad Love;336;Drama;PG-13;15446532;29934306
211;Pocahontas;336;Adventure;G;141579773;274370957
212;Judge Dredd;335;Action;R;34687912;67222776
213;Operation Dumbo Drop;334;Adventure;PG;24670346;47809421
214;Dangerous Minds;334;Drama;R;84919401;164552293
215;A Kid in King Arthur's Court;334;Adventure;PG;13406717;25981285
216;The Tie That Binds;333;Thriller/Suspense;R;5762795;11167895
217;Unstrung Heroes;333;Drama;PG;7929000;15365850
218;The Big Green;332;Comedy;PG;17736619;34372339
219;Dead Presidents;332;Drama;R;24120194;46741467
220;The Scarlet Letter;332;Drama;R;10359006;20075033
221;Feast of July;332;Drama;R;293274;568342
222;Powder;331;Drama;PG-13;30833914;59727216
223;Toy Story;330;Adventure;G;191796233;370409631
224;Father of the Bride Part II;330;Comedy;PG;76578911;147658438
225;Nixon;329;Drama;R;13668249;26302005
226;Tom and Huck;329;Adventure;PG;23837227;45911517
227;Mr. Holland's Opus;329;Drama;PG;82582604;157508868
228;White Squall;328;Adventure;PG-13;10229300;19509726
229;Muppet Treasure Island;328;Adventure;G;34327391;65470567
230;Mr. Wrong;328;Romantic Comedy;PG-13;12805071;24422334
231;Before and After;327;Drama;PG-13;8642118;16482589
232;Up Close & Personal;327;Drama;PG-13;51045801;97356578
233;Homeward Bound II: Lost in San Franc…;327;Adventure;G;32709423;62384706
234;Two Much;327;Romantic Comedy;PG-13;1078555;2057055
235;Un indien dans la ville;326;Comedy;PG;1029731;1963937
236;James and the Giant Peach;326;Adventure;PG;28921264;55159783
237;Celtic Pride;325;Comedy;PG-13;9240378;17623615
238;Last Dance;325;Drama;R;5857534;11171714
239;Boys;325;Drama;PG-13;21930418;41826566
240;Spy Hard;324;Comedy;PG-13;26936265;51373912
241;Eddie;324;Comedy;PG-13;31369401;59828966
242;The Rock;324;Action;R;134069511;255702705
243;The Hunchback of Notre Dame;323;Adventure;G;100138851;190988799
244;Phenomenon;323;Drama;PG;104636382;199559799
245;Kazaam;323;Comedy;PG;18880508;36009655
246;Jack;322;Drama;PG-13;58617334;111792852
247;First Kid;321;Comedy;PG;26465920;50465108
248;The Rich Man's Wife;321;Thriller/Suspense;R;8538318;16284619
249;D3: The Mighty Ducks;320;Comedy;PG;22936273;43713554
250;The Associate;319;Comedy;PG-13;12772657;24333094
251;Ransom;319;Action;R;136492681;259807820
252;The War at Home;318;R;34368;65543;
253;101 Dalmatians;318;Comedy;G;136189294;258728898
254;The Preacher's Wife;318;Drama;PG;48102795;91076877
255;Evita;317;Musical;PG;50047179;92077628
256;Metro;317;Action;R;32017895;58804106
257;Prefontaine;316;Drama;PG-13;590817;1085093
258;Shadow Conspiracy;316;Thriller/Suspense;R;2154540;3957025
259;That Darn Cat;316;Comedy;PG;18301828;33613158
260;Jungle 2 Jungle;315;Comedy;PG;59925026;110058379
261;The Sixth Man;314;Comedy;PG-13;14765099;27117599
262;Grosse Pointe Blank;314;Black Comedy;R;28084357;51579764
263;Romy and Michele's High School Reunion;313;Comedy;R;29235353;53693680
264;Gone Fishin';312;Comedy;PG;19745922;36265379
265;Con Air;312;Action;R;101117573;185712664
266;Hercules;312;Adventure;G;99112101;182029412
267;George Of The Jungle;311;Comedy;PG;105263257;193326632
268;Nothing To Lose;311;Comedy;R;44480039;81692095
269;Air Bud;310;Comedy;PG;24646936;45266588
270;G.I. Jane;309;Drama;R;48169156;88467531
271;A Thousand Acres;308;Drama;R;7928412;14561324
272;Washington Square;308;Drama;PG;1775644;3257546
273;Rocket Man;308;Comedy;PG;15448043;28371890
274;Playing God;308;Thriller/Suspense;R;4166918;7652965
275;Flubber;306;Comedy;PG;92993801;170406423
276;An American Werewolf in Paris;305;Horror;R;26570463;48546161
277;Mr. Magoo;305;Comedy;PG;21437192;39145784
278;Kundun;305;Drama;PG-13;5686694;10236836
279;Deep Rising;304;Action;R;11203026;20136775
280;Krippendorf's Tribe;303;Comedy;PG-13;7571115;13608633
281;An Alan Smithee Film: Burn Hollywood …;303;Comedy;R;45779;82277
282;Meet the Deedles;302;Comedy;PG;4356126;7829877
283;He Got Game;301;Drama;R;21567853;38766948
284;The Horse Whisperer;301;Drama;PG-13;75383563;135497531
285;Six Days Seven Nights;300;Romantic Comedy;PG-13;74339294;133620516
286;Mulan;299;Adventure;G;120620254;216807832
287;Armageddon;299;Adventure;PG-13;201578182;362324957
288;Jane Austen's Mafia;298;Comedy;PG-13;19843795;35668055
289;The Parent Trap;298;Comedy;PG;66308518;119185667
290;Firelight;297;Drama;R;784419;1409943
291;Simon Birch;297;Drama;PG;18253415;32809442
292;Holy Man;296;Comedy;PG;12069719;21694605
293;Beloved;296;Drama;R;22852487;41062682
294;The Waterboy;295;Comedy;PG-13;161491646;288691833
295;I'll Be Home For Christmas;295;Comedy;PG;12214338;21941840
296;A Bug's Life;294;Adventure;G;162798565;288981698
297;Enemy of the State;294;Action;R;111549836;198472008
298;Rushmore;294;Black Comedy;R;17105219;28392518
299;A Civil Action;293;Drama;PG-13;56709981;94139530
300;Mighty Joe Young;293;Adventure;PG;50632037;87906042
301;My Favorite Martian;292;Comedy;PG;36850101;61150849
302;The Other Sister;291;Romantic Comedy;PG-13;27807627;46145331
303;Doug's 1st Movie;290;Adventure;G;19421271;32228598
304;Ten Things I Hate About You;290;Romantic Comedy;PG-13;38177966;63354375
305;Endurance;289;PG;229128;380218;
306;Instinct;288;Drama;R;34105207;56595842
307;Tarzan;288;Adventure;G;171091819;283900254
308;Summer of Sam;287;Drama;R;19288130;32007656
309;Inspector Gadget;286;Comedy;PG;97387965;161610341
310;The Sixth Sense;286;Thriller/Suspense;PG-13;293506292;485424724
311;The 13th Warrior;285;Action;R;32698899;54262148
312;Breakfast of Champions;285;Comedy;R;178287;295851
313;Mumford;284;Comedy;R;4559569;7566363
314;Mystery Alaska;284;Comedy;R;8891623;14755189
315;The Straight Story;284;Drama;G;6197866;10111144
316;The Insider;283;Drama;R;28965197;47794214
317;Toy Story 2;282;Adventure;G;245852179;404450426
318;Cradle Will Rock;282;Drama;R;2899970;4609153
319;Deuce Bigalow: Male Gigolo;282;Comedy;R;65535067;106921374
320;Bicentennial Man;282;Drama;PG;58220776;94838225
321;Play it to the Bone;281;Comedy;R;8427204;13180524
322;Fantasia 2000 (IMAX);281;Musical;G;60507228;94852354
323;Gun Shy;280;Comedy;R;1638202;2562155
324;The Tigger Movie;280;Adventure;G;45542421;71228678
325;Mission to Mars;279;Adventure;PG;60874615;95208344
326;High Fidelity;278;Comedy;R;27277055;42661516
327;Keeping the Faith;278;Romantic Comedy;PG-13;37036404;57925202
328;Dinosaur;276;Adventure;PG;137748063;215438985
329;Shanghai Noon;276;Western;PG-13;56932305;89042541
330;Gone in 60 Seconds;276;Action;PG-13;101643008;158970411
331;Fantasia 2000 (Theatrical Release);276;Musical;G;9103630;14238144
332;The Kid;275;Comedy;PG;69688384;108993148
333;Coyote Ugly;274;Drama;PG-13;60786269;95070168
334;The Crew;273;Comedy;PG-13;13019253;20362201
335;Duets;273;Drama;R;4734235;7404372
336;Remember the Titans;272;Drama;PG;115654751;180742479
337;Unbreakable;270;Thriller/Suspense;PG-13;94999143;148208901
338;102 Dalmatians;270;Comedy;G;66941559;104055039
339;The Emperor's New Groove;270;Adventure;G;89296573;136789252
340;O Brother  Where Art Thou?;269;Comedy;PG-13;45506619;67922002
341;Double Take;269;Action;PG-13;29823162;44418589
342;Recess: School's Out;268;Comedy;G;36696761;54656124
343;Just Visiting;266;Comedy;PG-13;4777007;7114869
344;Pearl Harbor;264;Action;PG-13;198539855;295705112
345;Atlantis: The Lost Empire;264;Adventure;PG;84052762;125188122
346;crazy/beautiful;263;Drama;PG-13;16929123;25214223
347;The Princess Diaries;262;Comedy;G;108244774;161218928
348;Bubble Boy;261;Comedy;PG-13;5002310;7450434
349;Max Keeble's Big Move;260;Comedy;PG;17292381;25749730
350;Corky Romano;260;Comedy;PG-13;23978402;35705805
351;High Heels and Low Lifes;259;R;226792;337782;
352;Monsters Inc.;259;Adventure;G;289423425;416073179
353;Out Cold;258;Comedy;PG-13;13906394;20700691
354;The Royal Tenenbaums;258;Black Comedy;R;52353636;76758193
355;Beauty and the Beast (IMAX);257;Musical;G;25487028;36980311
356;Frank McKlusky C.I.;257;;0;0;
357;Snow Dogs;257;Comedy;PG;81150692;117745317
358;The Count of Monte Cristo;256;Drama;PG-13;54228104;78682079
359;Peter Pan: Return to Neverland;256;Adventure;G;48430258;70269715
360;Reign of Fire;255;Action;PG-13;43061982;62480631
361;Sorority Boys;254;Comedy;R;10198766;14797862
362;The Rookie;254;Drama;G;75600072;109691666
363;Big Trouble;254;Comedy;PG-13;7262288;10537188
364;ESPN's Ultimate X - The Movie;253;Documentary;PG;4197175;6089874
365;Bad Company;252;Action;PG-13;30157016;43756218
366;Lilo & Stitch;251;Adventure;PG;145771527;211506702
367;The Country Bears;250;Adventure;G;16988996;24650121
368;Signs;250;Thriller/Suspense;PG-13;227965690;330754439
369;Sen to Chihiro no Kamikakushi;248;Adventure;PG;10049886;14338992
370;Sweet Home Alabama;248;Comedy;PG-13;127214072;184521151
371;Moonlight Mile;248;Drama;PG-13;6830957;9909094
372;Tuck Everlasting;248;Drama;PG;19161999;27789959
373;The Santa Clause 2;247;Comedy;G;139225854;201959095
374;Treasure Planet;246;Adventure;PG;38120554;55189145
375;The Hot Chick;246;Comedy;PG-13;35081550;50624654
376;25th Hour;245;Drama;R;13084595;18325463
377;The Recruit;244;Thriller/Suspense;PG-13;52784696;73793522
378;Shanghai Knights;244;Adventure;PG-13;60470220;84537962
379;The Jungle Book 2;244;Adventure;G;47901582;66966883
380;Bringing Down the House;243;Comedy;PG-13;132675402;185481530
381;Piglet's Big Movie;242;Comedy;G;23103423;32298812
382;Ghosts of the Abyss;242;Documentary;G;17093668;23803108
383;Holes;242;Drama;PG;67383924;94203395
384;The Lizzie McGuire Movie;241;Comedy;PG;42734455;59743191
385;Finding Nemo;240;Adventure;G;380529370;518148559
386;Pirates of the Caribbean: The Curse o…;239;Adventure;PG-13;305411224;426967926
387;Freaky Friday;238;Comedy;PG;110222438;154090360
388;Open Range;238;Western;R;58331254;81547672
389;Cold Creek Manor;236;Thriller/Suspense;R;21384035;29895090
390;Under the Tuscan Sun;236;Comedy;PG-13;43601508;60944053
391;Veronica Guerin;236;Drama;R;1569918;2194759
392;Brother Bear;235;Adventure;G;85336277;119218333
393;The Haunted Mansion;234;Comedy;PG;75817994;105775678
394;Calendar Girls;233;Comedy;PG-13;31011616;42379650
395;Young Black Stallion;233;Adventure;G;6751389;9254344
396;Teacher's Pet: The Movie;233;Comedy;PG;6491969;8812764
397;Miracle;232;Drama;PG;64378093;87392478
398;Confessions of a Teenage Drama Queen;231;Comedy;PG;29331068;39816568
399;Hidalgo;231;Western;PG-13;67286731;91340921
400;The Ladykillers;230;Comedy;R;39692139;53881593
401;Home on the Range;230;Comedy;PG;50026353;67910166
402;The Alamo;230;Western;PG-13;22406362;30416359
403;Raising Helen;228;Comedy;PG-13;37485528;50886144
404;Around the World in 80 Days;228;Adventure;PG;24004159;32585356
405;America's Heart and Soul;227;Documentary;Not Rated;314000;426246
406;King Arthur;227;Adventure;PG-13;51877963;70423706
407;The Village;226;Thriller/Suspense;PG-13;114197520;155021748
408;The Princess Diaries 2: Royal Engagement;226;Romantic Comedy;G;95149435;129164207
409;Mr. 3000;225;Comedy;PG-13;21800302;29593641
410;The Last Shot;224;Comedy;R;463730;629502
411;Ladder 49;224;Action;PG-13;74541707;101161045
412;The Incredibles;223;Adventure;PG;261441092;354488708
413;National Treasure;222;Adventure;PG;173005002;234069353
414;The Life Aquatic with Steve Zissou;222;Comedy;R;24006726;32198655
415;Aliens of the Deep;220;Documentary;G;8968684;11740942
416;Pooh's Heffalump Movie;220;Adventure;G;18098433;23801835
417;The Pacifier;219;Comedy;PG;113006880;148619029
418;Ice Princess;219;Comedy;G;24381334;32064685
419;A Lot Like Love;217;Comedy;PG-13;21835784;28716947
420;The Hitchhiker's Guide to the Galaxy;217;Comedy;PG;51019112;67096891
421;Hauru no ugoku shiro;216;Adventure;PG;4710455;6194870
422;Herbie: Fully Loaded;215;Comedy;G;66010682;86812798
423;Dark Water;215;Thriller/Suspense;PG-13;25473093;33500491
424;Sky High;214;Adventure;PG;63939454;84088854
425;Valiant;213;Adventure;G;19478106;25616292
426;Flightplan;212;Thriller/Suspense;PG-13;89706988;117960425
427;The Greatest Game Ever Played;212;Drama;PG;15331289;20162672
428;Shopgirl;211;Drama;R;10284523;13519621
429;Chicken Little;211;Adventure;G;135386665;177954661
430;The Chronicles of Narnia: The Lion  t…;210;Adventure;PG;291710957;381557539
431;Casanova;209;Drama;R;11304403;14574087
432;Glory Road;209;Drama;PG;42647449;54888236
433;Annapolis;208;Drama;PG-13;17127992;22044113
434;Roving Mars;208;Documentary;G;10407978;12948025
435;Eight Below;208;Adventure;PG;81612565;105037235
436;The Shaggy Dog;207;Comedy;PG;61123569;78667428
437;Stay Alive;206;Horror;PG-13;23086480;29712825
438;The Wild;206;Adventure;G;37384046;48114115
439;Stick It;205;Comedy;PG-13;26910736;34634731
440;Goal! The Dream Begins;205;Drama;PG;4283255;5512647
441;Cars;204;Comedy;G;244082982;314140384
442;Pirates of the Caribbean: Dead Man’…;203;Adventure;PG-13;423315812;544817142
443;Step Up;202;Drama;PG-13;65328121;84078780
444;Invincible;201;Drama;PG;57806952;74398864
445;The Guardian;200;Action;PG-13;55011732;70801353
446;The Prestige;199;Thriller/Suspense;PG-13;53089891;68289913
447;Tim Burton's The Nightmare Before Chr…;199;Musical;PG;24732041;30737517
448;The Santa Clause 3: The Escape Clause;199;Comedy;G;84500122;108694869
449;Déjà Vu;198;Thriller/Suspense;PG-13;64038616;82267038
450;Apocalypto;198;Adventure;R;50866635;64959548
451;Primeval;197;Adventure;R;10597734;12985302
452;Bridge to Terabithia;196;Drama;PG;82234139;100760721
453;Wild Hogs;195;Comedy;PG-13;168213584;206110533
454;Meet the Robinsons;194;Adventure;G;97822171;119860589
455;The Lookout;194;Drama;R;4600585;5637048
456;The Hoax;194;Drama;R;7164995;8779196
457;The Invisible;193;Thriller/Suspense;PG-13;20568319;25202168
458;Pirates of the Caribbean: At World’…;192;Adventure;PG-13;309420425;379129960
459;Ratatouille;191;Comedy;G;206445654;252955933
460;Underdog;190;Adventure;PG;43760605;53619462
461;The Game Plan;188;Comedy;PG;90648202;111010758
462;Dan in Real Life;187;Romantic Comedy;PG-13;47642963;58350234
463;Enchanted;186;Romantic Comedy;PG;127706877;156074310
464;National Treasure 2: Book of Secrets;185;Adventure;PG;219961501;267003525
465;Hannah Montana/Miley Cyrus: Best of B…;184;Concert/Performance;G;65281781;76646993
466;Step Up 2 the Streets;184;Drama;PG-13;58017783;68118371
467;College Road Trip;183;Comedy;G;45610425;53550960
468;The Chronicles of Narnia: Prince Caspian;181;Adventure;PG;141621490;166277038
469;WALL-E;179;Adventure;G;223808164;262771918
470;Swing Vote;178;Comedy;PG-13;16289867;19125841
471;Goal! 2: Living the Dream...;177;Drama;PG-13;225067;264247
472;Miracle at St. Anna;176;Drama;R;7916887;9295171
473;Beverly Hills Chihuahua;176;Comedy;PG;94514402;110932022
474;Morning Light;176;Documentary;PG;275093;322979
475;High School Musical 3: Senior Year;175;Musical;G;90559416;106308538
476;Bolt;174;Comedy;PG;114053759;133702498
477;Bedtime Stories;173;Comedy;PG;110101975;128039679
478;Confessions of a Shopaholic;172;Romantic Comedy;PG;44277350;49767744
479;Jonas Brothers: The 3D Concert Experi…;171;Concert/Performance;G;38174685;38174685
480;Race to Witch Mountain;171;Adventure;PG;67172594;75501997
481;Hannah Montana the Movie;170;Drama;G;79576189;89443640
482;Earth;169;Documentary;G;32011576;35981010
483;Up;168;Adventure;PG;293004164;329336681
484;The Proposal;167;Romantic Comedy;PG-13;163958031;184288829
485;G-Force;166;Adventure;PG;119436770;134246932
486;Gake no ue no Ponyo;166;Adventure;G;15090399;16961607
487;X Games 3D: The Movie;165;Documentary;PG;1391434;1563976
488;Walt and El Grupo;165;Documentary;PG;20521;23064
489;Surrogates;164;Action;PG-13;38577772;43361416
490;Toy Story 3D Double Feature;164;Adventure;G;30702446;34509545
491;Disney's A Christmas Carol;163;Drama;PG;137855863;154927105
492;The Princess and the Frog;162;Adventure;G;104400899;116316457
493;Old Dogs;162;Comedy;PG;49492060;55503929
494;When in Rome;160;Romantic Comedy;PG-13;32680633;34917330
495;Alice in Wonderland;159;Adventure;PG;334191110;357063499
496;Waking Sleeping Beauty;158;Documentary;PG;80741;86264
497;The Last Song;158;Drama;PG;62950384;67258772
498;Oceans;157;Documentary;G;19422319;20751600
499;Prince of Persia: Sands of Time;156;Action;PG-13;90759676;96971361
500;Toy Story 3;156;Adventure;G;415004880;443408255
501;The Sorcerer's Apprentice;155;Adventure;PG;63150991;67473105
502;Step Up 3D;154;Drama;PG-13;42400223;45302137
503;Gedo Senki (Tales from Earthsea);154;Adventure;PG-13;48658;51988
504;You Again;152;Comedy;PG;25702053;27461121
505;Secretariat;152;Drama;PG;59699513;63781920
506;Tangled;150;Adventure;PG;200821936;214388548
507;Tron: Legacy;150;Adventure;PG;172062763;183619259
508;Gnomeo and Juliet;148;Comedy;G;99967670;106270797
509;I am Number Four;148;Adventure;PG-13;55100437;58574607
510;Mars Needs Moms;147;Adventure;PG;21392758;22741603
511;African Cats;145;Documentary;G;15428747;16401551
512;Zokkomon;145;Adventure;PG;2815;2984
513;Prom;145;Comedy;PG;10130219;10768946
514;Pirates of the Caribbean: On Stranger…;144;Adventure;PG-13;241063875;256263359
515;Cars 2;143;Adventure;G;191450875;203522177
516;Winnie the Pooh;143;Adventure;G;26692846;28375869
517;The Help;142;Drama;PG-13;169705587;180404976
518;Fright Night;141;Horror;R;18298649;19452402
519;Real Steel;140;Action;PG-13;85463309;90848019
520;The Muppets;138;Comedy;PG;88625922;94189503
521;War Horse;137;Drama;PG-13;79883359;84762149
522;The Secret World of Arietty;136;Adventure;G;19192510;20325733
523;John Carter;135;Adventure;PG-13;73058679;77372445
524;Chimpanzee;133;Documentary;G;28965459;30675725
525;The Avengers;133;Action;PG-13;623279547;660081224
526;Brave;131;Adventure;PG;237282182;251292441
527;People Like Us;131;Drama;PG-13;12431792;13165822
528;The Odd Life of Timothy Green;130;Drama;PG;51853450;54914942
529;Frankenweenie;128;Comedy;PG;35287788;37363513
530;Wreck-It Ralph;127;Adventure;PG;189412677;200354959
531;Lincoln;127;Drama;PG-13;182207973;192122330
532;Oz the Great and Powerful;123;Adventure;PG;234770996;243434130
533;Iron Man 3;121;Action;PG-13;408992272;424084233
534;Monsters University;119;Adventure;G;268488329;278395641
535;The Lone Ranger;119;Western;PG-13;89302115;92597388
536;Disney Planes;118;Comedy;PG;90282580;93614037
537;The Fifth Estate;116;Drama;R;3254172;3374251
538;Thor: The Dark World;115;Adventure;PG-13;206362140;213962184
539;Kaze Tachinu;115;Drama;PG-13;5201879;5367415
540;Frozen;114;Adventure;PG;400738009;414997174
541;Delivery Man;114;Comedy;PG-13;30659817;31787136
542;Saving Mr. Banks;114;Drama;PG-13;83299761;86249969
543;Need for Speed;111;Action;PG-13;43568507;44955015
544;Muppets Most Wanted;110;Comedy;PG;51178893;52807594
545;Captain America: The Winter Soldier;110;Action;PG-13;259746958;268013076
546;Bears;110;Documentary;G;17780194;18346024
547;Million Dollar Arm;109;Drama;PG;36447959;37607865
548;Maleficent;108;Adventure;PG;241407328;249089809
549;Planes: Fire and Rescue;107;Adventure;PG;59157732;61040349
550;Guardians of the Galaxy;106;Adventure;PG-13;333172112;343771168
551;The Hundred-Foot Journey;106;Romantic Comedy;PG;54235441;55961409
552;Alexander and the Terrible Horrible;104;Comedy;PG;66954149;69055550
553;Big Hero 6;103;Adventure;PG;222527828;229249222
554;Into the Woods;101;Musical;PG;128002372;130894237
555;Strange Magic;100;Adventure;PG;12429583;12429583
556;McFarland USA;99;Drama;PG;44480275;44480275
557;Cinderella;99;Drama;PG;201151353;201151353
558;Monkey Kingdom;98;Documentary;G;16432322;16432322
559;Avengers: Age of Ultron;97;Action;PG-13;459005868;459005868
560;Tomorrowland;96;Adventure;PG;93436322;93436322
561;Inside Out;95;Adventure;PG;356461711;356461711
562;Ant-Man;95;Action;PG-13;180202163;180202163
563;Bridge of Spies;92;Thriller/Suspense;PG-13;72313754;72313754
564;The Good Dinosaur;90;Adventure;PG;123087120;123087120
565;Star Wars Ep. VII: The Force Awakens;90;Adventure;PG-13;936662225;936662225
566;The Finest Hours;88;Thriller/Suspense;PG;27569558;27569558
567;Zootopia;87;Adventure;PG;341268248;341268248
568;The Jungle Book;86;Adventure;PG;364001123;364001123
569;A Beautiful Planet;85;Documentary;G;7895708;7895708
570;Captain America: Civil War;85;Action;PG-13;408084349;408084349
571;Alice Through the Looking Glass;84;Adventure;PG;77042381;77042381
572;Finding Dory;84;Adventure;PG;486295561;486295561
573;The BFG;83;Adventure;PG;55483770;55483770
574;Pete’s Dragon;82;Adventure;PG;76233151;76233151
575;The Light Between Oceans;81;Drama;PG-13;12545979;12545979
576;Queen of Katwe;80;Drama;PG;8874389;8874389
577;Doctor Strange;79;Adventure;PG-13;232532923;232532923
578;Moana;78;Adventure;PG;246082029;246082029
579;Rogue One: A Star Wars Story;78;Adventure;PG-13;529483936;529483936
