Snow White and the Seven Dwarfs;19371221;Musical;G;184925485;5228953251;19371221;19371221;21/12/1937;1025;1025
Pinocchio;19400209;Adventure;G;84300000;2188229052;19400209;19400209;09/02/1940;1000;1000
Fantasia;19401113;Musical;G;83320000;2187090808;19401113;19401113;13/11/1940;991;991
Song of the South;19461112;Adventure;G;65000000;1078510579;19461112;19461112;12/11/1946;919;919
Cinderella;19500215;Drama;G;85000000;920608730;19500215;19500215;15/02/1950;880;880
20000 Leagues Under the Sea;19541223;Adventure;;28200000;528279994;19541223;19541223;23/12/1954;821;821
Lady and the Tramp;19550622;Drama;G;93600000;1236035515;19550622;19550622;22/06/1955;815;815
Sleeping Beauty;19590129;Drama;;9464608;21505832;19590129;19590129;29/01/1959;772;772
101 Dalmatians;19610125;Comedy;G;153000000;1362870985;19610125;19610125;25/01/1961;748;748
The Absent Minded Professor;19610316;Comedy;;25381407;310094574;19610316;19610316;16/03/1961;747;747
Babes in Toyland;19611214;Musical;G;10218316;124841160;19611214;19611214;14/12/1961;738;738
Bon Voyage!;19620517;Comedy;Not Rated;9230769;109581646;19620517;19620517;17/05/1962;733;733
The Sword in the Stone;19631225;Adventure;;22182353;153870834;19631225;19631225;25/12/1963;713;713
The Jungle Book;19671018;Musical;Not Rated;141843000;789612346;19671018;19671018;18/10/1967;668;668
Blackbeard's Ghost;19680208;Comedy;;21540050;138612686;19680208;19680208;08/02/1968;664;664
The Aristocats;19700424;Musical;G;55675257;255161499;19700424;19700424;24/04/1970;637;637
The Boatniks;19700701;Comedy;;18607492;101200742;19700701;19700701;01/07/1970;635;635
Bedknobs and Broomsticks;19711007;Musical;;17871174;91305448;19711007;19711007;07/10/1971;620;620
The Apple Dumpling Gang;19750701;Comedy;;31916500;131246872;19750701;19750701;01/07/1975;575;575
Freaky Friday;19770121;Comedy;;25942000;98067733;19770121;19770121;21/01/1977;556;556
The Many Adventures of Winnie the Pooh;19770311;;;0;0;19770311;19770311;11/03/1977;555;555
The Rescuers;19770622;Adventure;;48775599;159743914;19770622;19770622;22/06/1977;551;551
Herbie Goes to Monte Carlo;19770624;;;28000000;105847527;19770624;19770624;24/06/1977;551;551
The Black Hole;19791221;;;35841901;120377374;19791221;19791221;21/12/1979;521;521
Midnight Madness;19800208;;;2900000;9088096;19800208;19800208;08/02/1980;520;520
The Last Flight of Noah’s Ark;19800625;;;11000000;34472116;19800625;19800625;25/06/1980;515;515
The Devil and Max Devlin;19810101;;;16000000;48517980;19810101;19810101;01/01/1981;509;509
Amy;19810320;Drama;;0;0;19810320;19810320;20/03/1981;506;506
The Fox and the Hound;19810710;Comedy;;43899231;133118889;19810710;19810710;10/07/1981;503;503
Condorman;19810807;Action;;0;0;19810807;19810807;07/08/1981;502;502
Night Crossing;19820205;Drama;;4500000;12903059;19820205;19820205;05/02/1982;496;496
Tron;19820709;Action;;26918576;77184895;19820709;19820709;09/07/1982;491;491
Tex;19821119;Drama;;7199408;20643199;19821119;19821119;19/11/1982;486;486
Trenchcoat;19830311;Comedy;;4304286;11519089;19830311;19830311;11/03/1983;483;483
Something Wicked This Way Comes;19830429;Horror;;5656087;15136765;19830429;19830429;29/04/1983;481;481
Never Cry Wolf;19831007;Drama;;27668764;70669955;19831007;19831007;07/10/1983;476;476
Running Brave;19831104;Drama;;1204595;3223725;19831104;19831104;04/11/1983;475;475
Splash;19840309;Comedy;PG;62599495;157057661;19840309;19840309;09/03/1984;471;471
Country;19840929;Drama;;8400000;21075000;19840929;19840929;29/09/1984;464;464
Baby: Secret of the Lost Legend;19850322;Adventure;;14276095;33900697;19850322;19850322;22/03/1985;458;458
Return to Oz;19850621;Adventure;;10618813;25215934;19850621;19850621;21/06/1985;455;455
The Black Cauldron;19850724;Adventure;;21288692;50553142;19850724;19850724;24/07/1985;454;454
My Science Project;19850809;Comedy;;4100000;9736051;19850809;19850809;09/08/1985;454;454
The Journey of Natty Gann;19850927;Drama;;9468512;22302956;19850927;19850927;27/09/1985;452;452
One Magic Christmas;19851122;Drama;;13229514;31415432;19851122;19851122;22/11/1985;450;450
Down and Out in Beverly Hills;19860131;Comedy;R;62134225;141183693;19860131;19860131;31/01/1986;448;448
Off Beat;19860411;Comedy;;4842778;11003932;19860411;19860411;11/04/1986;446;446
Ruthless People;19860627;Comedy;R;71624879;162748712;19860627;19860627;27/06/1986;443;443
The Great Mouse Detective;19860702;Adventure;;23605534;53637367;19860702;19860702;02/07/1986;443;443
Flight of the Navigator;19860730;Adventure;;18564613;42183197;19860730;19860730;30/07/1986;442;442
Tough Guys;19861003;Comedy;;21458229;48758184;19861003;19861003;03/10/1986;440;440
The Color of Money;19861017;Drama;R;52293000;117957323;19861017;19861017;17/10/1986;440;440
Outrageous Fortune;19870130;Comedy;R;52864741;113976921;19870130;19870130;30/01/1987;436;436
Tin Men;19870306;Comedy;;25411386;54787202;19870306;19870306;06/03/1987;435;435
Ernest Goes to Camp;19870522;Comedy;;23509382;50686462;19870522;19870522;22/05/1987;432;432
Benji the Hunted;19870605;Adventure;;15212539;32798382;19870605;19870605;05/06/1987;432;432
Adventures in Babysitting;19870703;Comedy;;33790923;72853569;19870703;19870703;03/07/1987;431;431
Stakeout;19870805;Comedy;R;65673233;141592160;19870805;19870805;05/08/1987;430;430
Can't Buy Me Love;19870814;Romantic Comedy;;31623833;68181300;19870814;19870814;14/08/1987;430;430
Hello Again;19871106;Comedy;;20419446;44024529;19871106;19871106;06/11/1987;427;427
3 Men and a Baby;19871125;Comedy;PG;167780960;353334607;19871125;19871125;25/11/1987;426;426
Good Morning Vietnam;19871223;Comedy;R;123922370;254414837;19871223;19871223;23/12/1987;425;425
Shoot to Kill;19880212;Action;;29300000;60097074;19880212;19880212;12/02/1988;424;424
D.O.A.;19880318;Thriller/Suspense;;12706478;26062188;19880318;19880318;18/03/1988;423;423
Return to Snowy River;19880415;Adventure;PG;13687027;28073384;19880415;19880415;15/04/1988;422;422
Big Business;19880610;Comedy;PG;40150487;82352451;19880610;19880610;10/06/1988;420;420
Who Framed Roger Rabbit?;19880622;Comedy;PG;154112492;316250084;19880622;19880622;22/06/1988;419;419
Cocktail;19880729;Drama;R;78222753;160442289;19880729;19880729;29/07/1988;418;418
The Rescue;19880805;Action;;5855392;12009960;19880805;19880805;05/08/1988;418;418
Heartbreak Hotel;19880930;Comedy;;5509417;11300331;19880930;19880930;30/09/1988;416;416
The Good Mother;19881104;Drama;;4764606;9772655;19881104;19881104;04/11/1988;415;415
Ernest Saves Christmas;19881111;Comedy;PG;28202109;57845202;19881111;19881111;11/11/1988;415;415
Oliver & Company;19881118;Adventure;G;49576671;102254492;19881118;19881118;18/11/1988;415;415
Beaches;19881221;Drama;PG-13;57041866;120381757;19881221;19881221;21/12/1988;413;413
Three Fugitives;19890127;Comedy;PG-13;40590000;85757817;19890127;19890127;27/01/1989;412;412
New York Stories;19890301;Drama;PG;10763469;22740861;19890301;19890301;01/03/1989;411;411
Disorganized Crime;19890414;Comedy;;7210149;15233465;19890414;19890414;14/04/1989;410;410
Dead Poets Society;19890602;Drama;PG;95860116;202531517;19890602;19890602;02/06/1989;408;408
Honey  I Shrunk the Kids;19890623;Adventure;PG;130724172;276191669;19890623;19890623;23/06/1989;407;407
Turner & Hooch;19890728;Comedy;PG;71079915;150176361;19890728;19890728;28/07/1989;406;406
Cheetah;19890818;Adventure;;7882250;16653473;19890818;19890818;18/08/1989;406;406
An Innocent Man;19891006;Drama;R;19397847;40983414;19891006;19891006;06/10/1989;404;404
Gross Anatomy;19891020;Drama;PG-13;11346186;23972012;19891020;19891020;20/10/1989;403;403
The Little Mermaid;19891115;Adventure;G;111543479;223726012;19891115;19891115;15/11/1989;403;403
Blaze;19891213;Drama;R;19049727;39884640;19891213;19891213;13/12/1989;402;402
Stella;19900202;Drama;PG-13;20062347;40077147;19900202;19900202;02/02/1990;400;400
Where the Heart Is;19900223;Comedy;;1106475;2210321;19900223;19900223;23/02/1990;399;399
Pretty Woman;19900323;Romantic Comedy;R;178406268;356389765;19900323;19900323;23/03/1990;398;398
Ernest Goes to Jail;19900406;Comedy;PG;25029569;49999822;19900406;19900406;06/04/1990;398;398
Spaced Invaders;19900427;Comedy;PG;15000000;29964452;19900427;19900427;27/04/1990;397;397
Fire Birds;19900524;Action;PG-13;14760451;29485923;19900524;19900524;24/05/1990;396;396
Dick Tracy;19900615;Action;PG;103738726;207231621;19900615;19900615;15/06/1990;396;396
Betsy's Wedding;19900622;Comedy;R;19740070;39433357;19900622;19900622;22/06/1990;395;395
Arachnophobia;19900718;Thriller/Suspense;PG-13;53208180;106290270;19900718;19900718;18/07/1990;395;395
DuckTales: The Movie - Treasure of th…;19900803;Adventure;G;18075331;36107823;19900803;19900803;03/08/1990;394;394
Taking Care of Business;19900817;Comedy;R;20005435;39963460;19900817;19900817;17/08/1990;394;394
Mr. Destiny;19901012;Comedy;PG-13;15379253;30722056;19901012;19901012;12/10/1990;392;392
The Rescuers Down Under;19901116;Adventure;G;27931461;55796728;19901116;19901116;16/11/1990;391;391
3 Men and a Little Lady;19901121;Comedy;PG;71609321;143108869;19901121;19901121;21/11/1990;390;390
Green Card;19901225;Romantic Comedy;PG-13;29804169;59679131;19901225;19901225;25/12/1990;389;389
White Fang;19910118;Adventure;PG;34729091;69540672;19910118;19910118;18/01/1991;389;389
Scenes from a Mall;19910222;Comedy;;9563393;19149495;19910222;19910222;22/02/1991;387;387
Haakon Haakonsen;19910301;Adventure;PG;15024232;30084149;19910301;19910301;01/03/1991;387;387
The Marrying Man;19910405;Romantic Comedy;R;12454768;24939118;19910405;19910405;05/04/1991;386;386
Oscar;19910426;Comedy;PG;23562716;47181395;19910426;19910426;26/04/1991;385;385
One Good Cop;19910503;Action;R;11276846;22580472;19910503;19910503;03/05/1991;385;385
What About Bob?;19910517;Comedy;PG;63710000;127571325;19910517;19910517;17/05/1991;385;385
Wild Hearts Can't Be Broken;19910524;Drama;;7300000;14617333;19910524;19910524;24/05/1991;384;384
The Rocketeer;19910621;Action;PG;46573027;93256673;19910621;19910621;21/06/1991;383;383
The Doctor;19910724;Drama;PG-13;37497480;75084021;19910724;19910724;24/07/1991;382;382
Paradise;19910918;Drama;PG-13;18634643;37313540;19910918;19910918;18/09/1991;381;381
Deceived;19910927;Thriller/Suspense;PG-13;28738096;57544453;19910927;19910927;27/09/1991;380;380
Ernest Scared Stupid;19911011;Comedy;PG;14143280;28320147;19911011;19911011;11/10/1991;380;380
Billy Bathgate;19911101;Drama;R;15565363;31167691;19911101;19911101;01/11/1991;379;379
Beauty and the Beast;19911113;Musical;G;218951625;363017667;19911113;19911113;13/11/1991;379;379
Father of the Bride;19911220;Comedy;PG;89325780;179821881;19911220;19911220;20/12/1991;377;377
The Hand That Rocks the Cradle;19920110;Thriller/Suspense;R;88036683;178831137;19920110;19920110;10/01/1992;377;377
Medicine Man;19920207;Drama;PG-13;44948240;91304495;19920207;19920207;07/02/1992;376;376
Blame it on the Bellboy;19920306;Comedy;PG-13;2891055;5872667;19920306;19920306;06/03/1992;375;375
Noises Off...;19920320;Comedy;PG-13;2280148;4631720;19920320;19920320;20/03/1992;374;374
Straight Talk;19920403;Comedy;PG;21202099;43068356;19920403;19920403;03/04/1992;374;374
Newsies;19920408;;PG;2706352;5497481;19920408;19920408;08/04/1992;374;374
Passed Away;19920424;;PG-13;4030793;8187848;19920424;19920424;24/04/1992;373;373
Encino Man;19920522;Comedy;PG;40057130;81369058;19920522;19920522;22/05/1992;372;372
Sister Act;19920529;Comedy;PG;139605150;283583472;19920529;19920529;29/05/1992;372;372
Honey I Blew Up the Kid;19920717;Comedy;PG;58662452;119162518;19920717;19920717;17/07/1992;371;371
A Stranger Among Us;19920717;Drama;PG-13;12282994;24950752;19920717;19920717;17/07/1992;371;371
3 Ninjas;19920807;Action;PG;29028000;58965304;19920807;19920807;07/08/1992;370;370
A Gun in Betty Lou's Handbag;19920821;;PG-13;3591460;7295423;19920821;19920821;21/08/1992;369;369
Captain Ron;19920918;Comedy;PG-13;22518097;45741576;19920918;19920918;18/09/1992;369;369
Sarafina!;19920918;Drama;PG-13;7306242;14841352;19920918;19920918;18/09/1992;369;369
Innocent Blood;19920925;Horror;R;4877567;9907922;19920925;19920925;25/09/1992;368;368
The Mighty Ducks;19921002;Comedy;PG;50752337;103120810;19921002;19921002;02/10/1992;368;368
1492: Conquest of Paradise;19921009;Adventure;PG-13;7099531;14421454;19921009;19921009;09/10/1992;368;368
Consenting Adults;19921016;Drama;R;21591728;43859823;19921016;19921016;16/10/1992;368;368
Aladdin;19921111;Comedy;G;217350219;441969178;19921111;19921111;11/11/1992;367;367
The Distinguished Gentleman;19921204;Comedy;R;46434570;94349900;19921204;19921204;04/12/1992;366;366
The Muppet Christmas Carol;19921211;Comedy;G;27281507;55417615;19921211;19921211;11/12/1992;366;366
Alive;19930115;Adventure;R;36299670;73914543;19930115;19930115;15/01/1993;365;365
Aspen Extreme;19930122;Romantic Comedy;PG-13;7843388;15970955;19930122;19930122;22/01/1993;364;364
Homeward Bound: The Incredible Journey;19930203;Adventure;G;41833324;85182343;19930203;19930203;03/02/1993;364;364
The Cemetery Club;19930203;Comedy;PG-13;5583621;11369541;19930203;19930203;03/02/1993;364;364
Swing Kids;19930305;Musical;PG-13;5632086;11468231;19930305;19930305;05/03/1993;363;363
A Far Off Place;19930312;Adventure;PG;12890752;26248558;19930312;19930312;12/03/1993;363;363
Born Yesterday;19930326;Romantic Comedy;PG;17760754;36165012;19930326;19930326;26/03/1993;362;362
The Adventures of Huck Finn;19930402;Adventure;PG;24103594;49080505;19930402;19930402;02/04/1993;362;362
Bound by Honor;19930416;;R;4496583;9156084;19930416;19930416;16/04/1993;362;362
Indian Summer;19930423;Comedy;R;14717851;29968953;19930423;19930423;23/04/1993;361;361
Super Mario Bros.;19930528;Action;PG;20844907;42445058;19930528;19930528;28/05/1993;360;360
Guilty as Sin;19930604;Thriller/Suspense;R;22622537;46064723;19930604;19930604;04/06/1993;360;360
Life With Mikey;19930604;Comedy;PG;12349549;25146538;19930604;19930604;04/06/1993;360;360
What's Love Got to Do With It;19930609;Drama;R;39100956;79618610;19930609;19930609;09/06/1993;360;360
Son in Law;19930702;Comedy;PG-13;25989889;52921433;19930702;19930702;02/07/1993;359;359
Hocus Pocus;19930716;Comedy;PG;39360491;80147079;19930716;19930716;16/07/1993;359;359
Another Stakeout;19930723;Comedy;PG-13;20107504;40943541;19930723;19930723;23/07/1993;358;358
My Boyfriend's Back;19930806;;PG-13;3218882;6554384;19930806;19930806;06/08/1993;358;358
Father Hood;19930827;;PG-13;3268203;6654819;19930827;19930827;27/08/1993;357;357
The Joy Luck Club;19930908;Drama;R;32790064;66768171;19930908;19930908;08/09/1993;357;357
Money for Nothing;19930910;Comedy;R;1044824;2127496;19930910;19930910;10/09/1993;357;357
The Program;19930924;Action;R;23042200;46919256;19930924;19930924;24/09/1993;356;356
Cool Runnings;19931001;Comedy;PG;68856263;140392731;19931001;19931001;01/10/1993;356;356
The Nightmare Before Christmas;19931013;Musical;PG;50408318;100026637;19931013;19931013;13/10/1993;356;356
The Three Musketeers;19931112;Adventure;PG;53661805;109310377;19931112;19931112;12/11/1993;355;355
Sister Act 2 Back in the Habit;19931210;Comedy;PG;57319029;116965668;19931210;19931210;10/12/1993;354;354
Tombstone;19931225;Western;R;56505065;115781734;19931225;19931225;25/12/1993;353;353
The Air Up There;19940107;Comedy;PG;20782439;42940186;19940107;19940107;07/01/1994;353;353
Cabin Boy;19940107;Comedy;PG-13;3469493;7168577;19940107;19940107;07/01/1994;353;353
Iron Will;19940114;Drama;PG;20623071;42610902;19940114;19940114;14/01/1994;353;353
Red Rock West;19940128;;R;2502551;5170709;19940128;19940128;28/01/1994;352;352
Blank Check;19940211;Comedy;PG;30573770;63170804;19940211;19940211;11/02/1994;352;352
Angie;19940304;Comedy;R;9252349;19116981;19940304;19940304;04/03/1994;351;351
The Ref;19940309;Comedy;R;11325885;23401275;19940309;19940309;09/03/1994;351;351
D2: The Mighty Ducks;19940325;Comedy;PG;45604206;94226333;19940325;19940325;25/03/1994;350;350
Holy Matrimony;19940408;Comedy;;713234;1473665;19940408;19940408;08/04/1994;350;350
White Fang 2: Myth of the White Wolf;19940415;Adventure;PG;8752399;18083994;19940415;19940415;15/04/1994;350;350
The Inkwell;19940422;Comedy;R;8864699;18316030;19940422;19940422;22/04/1994;349;349
When a Man Loves a Woman;19940429;Drama;R;50021959;103354194;19940429;19940429;29/04/1994;349;349
3 Ninjas Kick Back;19940506;Action;PG;11744960;24267154;19940506;19940506;06/05/1994;349;349
Renaissance Man;19940603;Comedy;PG-13;24172899;49945474;19940603;19940603;03/06/1994;348;348
The Lion King;19940615;Adventure;G;422780140;761640898;19940615;19940615;15/06/1994;348;348
I Love Trouble;19940629;Romantic Comedy;PG;30806194;63651027;19940629;19940629;29/06/1994;347;347
Angels in the Outfield;19940715;Comedy;PG;50236831;103798152;19940715;19940715;15/07/1994;347;347
In the Army Now;19940812;Comedy;PG;28881266;59673787;19940812;19940812;12/08/1994;346;346
Color of Night;19940819;Thriller/Suspense;R;19750470;40804816;19940819;19940819;19/08/1994;345;345
Camp Nowhere;19940826;Comedy;PG;10442641;21576332;19940826;19940826;26/08/1994;345;345
It's Pat;19940826;Comedy;;60822;125666;19940826;19940826;26/08/1994;345;345
A Simple Twist of Fate;19940902;Drama;PG-13;3404935;7035189;19940902;19940902;02/09/1994;345;345
Quiz Show;19940914;Drama;PG-13;24787282;50840394;19940914;19940914;14/09/1994;345;345
Terminal Velocity;19940923;Action;PG-13;16478900;34048315;19940923;19940923;23/09/1994;344;344
Ed Wood;19940930;Comedy;R;5828466;12042634;19940930;19940930;30/09/1994;344;344
The Puppet Masters;19941021;Horror;R;8579626;17727017;19941021;19941021;21/10/1994;343;343
Squanto: A Warrior's Tale;19941028;Drama;PG;3319344;6858345;19941028;19941028;28/10/1994;343;343
The Santa Clause;19941111;Comedy;PG;144833357;298369717;19941111;19941111;11/11/1994;343;343
A Low Down Dirty Shame;19941123;Action;R;29317886;60321919;19941123;19941123;23/11/1994;342;342
The Jungle Book;19941225;Adventure;PG;44342956;88930321;19941225;19941225;25/12/1994;341;341
Houseguest;19950106;Comedy;PG;26325256;51016522;19950106;19950106;06/01/1995;341;341
Bad Company;19950120;Thriller/Suspense;R;3523909;6829092;19950120;19950120;20/01/1995;340;340
Miami Rhapsody;19950127;Romantic Comedy;PG-13;5086578;9857435;19950127;19950127;27/01/1995;340;340
The Jerky Boys;19950203;Comedy;R;7555256;14641561;19950203;19950203;03/02/1995;340;340
Heavy Weights;19950217;Comedy;PG;17671310;34245779;19950217;19950217;17/02/1995;340;340
Man of the House;19950303;Comedy;PG;40029009;77573459;19950303;19950303;03/03/1995;339;339
Roommates;19950303;Comedy;PG;12076989;23404369;19950303;19950303;03/03/1995;339;339
Tall Tale;19950324;Western;PG;8247627;15983331;19950324;19950324;24/03/1995;338;338
A Pyromaniac's Love Story;19950328;Romantic Comedy;PG;468240;907414;19950328;19950328;28/03/1995;338;338
Jefferson in Paris;19950331;Drama;PG-13;2461628;4770461;19950331;19950331;31/03/1995;338;338
Funny Bones;19950331;Comedy;R;529135;1025425;19950331;19950331;31/03/1995;338;338
A Goofy Movie;19950407;Comedy;G;35336439;68479579;19950407;19950407;07/04/1995;338;338
While You Were Sleeping;19950421;Romantic Comedy;PG;81057016;157082900;19950421;19950421;21/04/1995;337;337
Crimson Tide;19950512;Action;R;91387195;177102077;19950512;19950512;12/05/1995;337;337
Mad Love;19950526;Drama;PG-13;15446532;29934306;19950526;19950526;26/05/1995;336;336
Pocahontas;19950610;Adventure;G;141579773;274370957;19950610;19950610;10/06/1995;336;336
Judge Dredd;19950630;Action;R;34687912;67222776;19950630;19950630;30/06/1995;335;335
Operation Dumbo Drop;19950728;Adventure;PG;24670346;47809421;19950728;19950728;28/07/1995;334;334
Dangerous Minds;19950811;Drama;R;84919401;164552293;19950811;19950811;11/08/1995;334;334
A Kid in King Arthur's Court;19950811;Adventure;PG;13406717;25981285;19950811;19950811;11/08/1995;334;334
The Tie That Binds;19950908;Thriller/Suspense;R;5762795;11167895;19950908;19950908;08/09/1995;333;333
Unstrung Heroes;19950915;Drama;PG;7929000;15365850;19950915;19950915;15/09/1995;333;333
The Big Green;19950929;Comedy;PG;17736619;34372339;19950929;19950929;29/09/1995;332;332
Dead Presidents;19951004;Drama;R;24120194;46741467;19951004;19951004;04/10/1995;332;332
The Scarlet Letter;19951013;Drama;R;10359006;20075033;19951013;19951013;13/10/1995;332;332
Feast of July;19951013;Drama;R;293274;568342;19951013;19951013;13/10/1995;332;332
Powder;19951027;Drama;PG-13;30833914;59727216;19951027;19951027;27/10/1995;331;331
Toy Story;19951122;Adventure;G;191796233;370409631;19951122;19951122;22/11/1995;330;330
Father of the Bride Part II;19951208;Comedy;PG;76578911;147658438;19951208;19951208;08/12/1995;330;330
Nixon;19951220;Drama;R;13668249;26302005;19951220;19951220;20/12/1995;329;329
Tom and Huck;19951222;Adventure;PG;23837227;45911517;19951222;19951222;22/12/1995;329;329
Mr. Holland's Opus;19951229;Drama;PG;82582604;157508868;19951229;19951229;29/12/1995;329;329
White Squall;19960202;Adventure;PG-13;10229300;19509726;19960202;19960202;02/02/1996;328;328
Muppet Treasure Island;19960216;Adventure;G;34327391;65470567;19960216;19960216;16/02/1996;328;328
Mr. Wrong;19960216;Romantic Comedy;PG-13;12805071;24422334;19960216;19960216;16/02/1996;328;328
Before and After;19960223;Drama;PG-13;8642118;16482589;19960223;19960223;23/02/1996;327;327
Up Close & Personal;19960301;Drama;PG-13;51045801;97356578;19960301;19960301;01/03/1996;327;327
Homeward Bound II: Lost in San Franc…;19960308;Adventure;G;32709423;62384706;19960308;19960308;08/03/1996;327;327
Two Much;19960315;Romantic Comedy;PG-13;1078555;2057055;19960315;19960315;15/03/1996;327;327
Un indien dans la ville;19960322;Comedy;PG;1029731;1963937;19960322;19960322;22/03/1996;326;326
James and the Giant Peach;19960412;Adventure;PG;28921264;55159783;19960412;19960412;12/04/1996;326;326
Celtic Pride;19960419;Comedy;PG-13;9240378;17623615;19960419;19960419;19/04/1996;325;325
Last Dance;19960503;Drama;R;5857534;11171714;19960503;19960503;03/05/1996;325;325
Boys;19960510;Drama;PG-13;21930418;41826566;19960510;19960510;10/05/1996;325;325
Spy Hard;19960524;Comedy;PG-13;26936265;51373912;19960524;19960524;24/05/1996;324;324
Eddie;19960531;Comedy;PG-13;31369401;59828966;19960531;19960531;31/05/1996;324;324
The Rock;19960607;Action;R;134069511;255702705;19960607;19960607;07/06/1996;324;324
The Hunchback of Notre Dame;19960621;Adventure;G;100138851;190988799;19960621;19960621;21/06/1996;323;323
Phenomenon;19960705;Drama;PG;104636382;199559799;19960705;19960705;05/07/1996;323;323
Kazaam;19960717;Comedy;PG;18880508;36009655;19960717;19960717;17/07/1996;323;323
Jack;19960809;Drama;PG-13;58617334;111792852;19960809;19960809;09/08/1996;322;322
First Kid;19960830;Comedy;PG;26465920;50465108;19960830;19960830;30/08/1996;321;321
The Rich Man's Wife;19960913;Thriller/Suspense;R;8538318;16284619;19960913;19960913;13/09/1996;321;321
D3: The Mighty Ducks;19961004;Comedy;PG;22936273;43713554;19961004;19961004;04/10/1996;320;320
The Associate;19961025;Comedy;PG-13;12772657;24333094;19961025;19961025;25/10/1996;319;319
Ransom;19961108;Action;R;136492681;259807820;19961108;19961108;08/11/1996;319;319
The War at Home;19961120;;R;34368;65543;19961120;19961120;20/11/1996;318;318
101 Dalmatians;19961127;Comedy;G;136189294;258728898;19961127;19961127;27/11/1996;318;318
The Preacher's Wife;19961213;Drama;PG;48102795;91076877;19961213;19961213;13/12/1996;318;318
Evita;19961225;Musical;PG;50047179;92077628;19961225;19961225;25/12/1996;317;317
Metro;19970117;Action;R;32017895;58804106;19970117;19970117;17/01/1997;317;317
Prefontaine;19970124;Drama;PG-13;590817;1085093;19970124;19970124;24/01/1997;316;316
Shadow Conspiracy;19970131;Thriller/Suspense;R;2154540;3957025;19970131;19970131;31/01/1997;316;316
That Darn Cat;19970214;Comedy;PG;18301828;33613158;19970214;19970214;14/02/1997;316;316
Jungle 2 Jungle;19970307;Comedy;PG;59925026;110058379;19970307;19970307;07/03/1997;315;315
The Sixth Man;19970328;Comedy;PG-13;14765099;27117599;19970328;19970328;28/03/1997;314;314
Grosse Pointe Blank;19970411;Black Comedy;R;28084357;51579764;19970411;19970411;11/04/1997;314;314
Romy and Michele's High School Reunion;19970425;Comedy;R;29235353;53693680;19970425;19970425;25/04/1997;313;313
Gone Fishin';19970530;Comedy;PG;19745922;36265379;19970530;19970530;30/05/1997;312;312
Con Air;19970606;Action;R;101117573;185712664;19970606;19970606;06/06/1997;312;312
Hercules;19970613;Adventure;G;99112101;182029412;19970613;19970613;13/06/1997;312;312
George Of The Jungle;19970716;Comedy;PG;105263257;193326632;19970716;19970716;16/07/1997;311;311
Nothing To Lose;19970718;Comedy;R;44480039;81692095;19970718;19970718;18/07/1997;311;311
Air Bud;19970801;Comedy;PG;24646936;45266588;19970801;19970801;01/08/1997;310;310
G.I. Jane;19970822;Drama;R;48169156;88467531;19970822;19970822;22/08/1997;309;309
A Thousand Acres;19970919;Drama;R;7928412;14561324;19970919;19970919;19/09/1997;308;308
Washington Square;19971005;Drama;PG;1775644;3257546;19971005;19971005;05/10/1997;308;308
Rocket Man;19971010;Comedy;PG;15448043;28371890;19971010;19971010;10/10/1997;308;308
Playing God;19971017;Thriller/Suspense;R;4166918;7652965;19971017;19971017;17/10/1997;308;308
Flubber;19971126;Comedy;PG;92993801;170406423;19971126;19971126;26/11/1997;306;306
An American Werewolf in Paris;19971225;Horror;R;26570463;48546161;19971225;19971225;25/12/1997;305;305
Mr. Magoo;19971225;Comedy;PG;21437192;39145784;19971225;19971225;25/12/1997;305;305
Kundun;19971225;Drama;PG-13;5686694;10236836;19971225;19971225;25/12/1997;305;305
Deep Rising;19980130;Action;R;11203026;20136775;19980130;19980130;30/01/1998;304;304
Krippendorf's Tribe;19980227;Comedy;PG-13;7571115;13608633;19980227;19980227;27/02/1998;303;303
An Alan Smithee Film: Burn Hollywood …;19980227;Comedy;R;45779;82277;19980227;19980227;27/02/1998;303;303
Meet the Deedles;19980327;Comedy;PG;4356126;7829877;19980327;19980327;27/03/1998;302;302
He Got Game;19980501;Drama;R;21567853;38766948;19980501;19980501;01/05/1998;301;301
The Horse Whisperer;19980515;Drama;PG-13;75383563;135497531;19980515;19980515;15/05/1998;301;301
Six Days Seven Nights;19980612;Romantic Comedy;PG-13;74339294;133620516;19980612;19980612;12/06/1998;300;300
Mulan;19980619;Adventure;G;120620254;216807832;19980619;19980619;19/06/1998;299;299
Armageddon;19980701;Adventure;PG-13;201578182;362324957;19980701;19980701;01/07/1998;299;299
Jane Austen's Mafia;19980724;Comedy;PG-13;19843795;35668055;19980724;19980724;24/07/1998;298;298
The Parent Trap;19980729;Comedy;PG;66308518;119185667;19980729;19980729;29/07/1998;298;298
Firelight;19980904;Drama;R;784419;1409943;19980904;19980904;04/09/1998;297;297
Simon Birch;19980911;Drama;PG;18253415;32809442;19980911;19980911;11/09/1998;297;297
Holy Man;19981009;Comedy;PG;12069719;21694605;19981009;19981009;09/10/1998;296;296
Beloved;19981016;Drama;R;22852487;41062682;19981016;19981016;16/10/1998;296;296
The Waterboy;19981106;Comedy;PG-13;161491646;288691833;19981106;19981106;06/11/1998;295;295
I'll Be Home For Christmas;19981113;Comedy;PG;12214338;21941840;19981113;19981113;13/11/1998;295;295
A Bug's Life;19981120;Adventure;G;162798565;288981698;19981120;19981120;20/11/1998;294;294
Enemy of the State;19981120;Action;R;111549836;198472008;19981120;19981120;20/11/1998;294;294
Rushmore;19981211;Black Comedy;R;17105219;28392518;19981211;19981211;11/12/1998;294;294
A Civil Action;19981225;Drama;PG-13;56709981;94139530;19981225;19981225;25/12/1998;293;293
Mighty Joe Young;19981225;Adventure;PG;50632037;87906042;19981225;19981225;25/12/1998;293;293
My Favorite Martian;19990212;Comedy;PG;36850101;61150849;19990212;19990212;12/02/1999;292;292
The Other Sister;19990226;Romantic Comedy;PG-13;27807627;46145331;19990226;19990226;26/02/1999;291;291
Doug's 1st Movie;19990326;Adventure;G;19421271;32228598;19990326;19990326;26/03/1999;290;290
Ten Things I Hate About You;19990331;Romantic Comedy;PG-13;38177966;63354375;19990331;19990331;31/03/1999;290;290
Endurance;19990514;;PG;229128;380218;19990514;19990514;14/05/1999;289;289
Instinct;19990604;Drama;R;34105207;56595842;19990604;19990604;04/06/1999;288;288
Tarzan;19990616;Adventure;G;171091819;283900254;19990616;19990616;16/06/1999;288;288
Summer of Sam;19990702;Drama;R;19288130;32007656;19990702;19990702;02/07/1999;287;287
Inspector Gadget;19990723;Comedy;PG;97387965;161610341;19990723;19990723;23/07/1999;286;286
The Sixth Sense;19990806;Thriller/Suspense;PG-13;293506292;485424724;19990806;19990806;06/08/1999;286;286
The 13th Warrior;19990827;Action;R;32698899;54262148;19990827;19990827;27/08/1999;285;285
Breakfast of Champions;19990917;Comedy;R;178287;295851;19990917;19990917;17/09/1999;285;285
Mumford;19990924;Comedy;R;4559569;7566363;19990924;19990924;24/09/1999;284;284
Mystery Alaska;19991001;Comedy;R;8891623;14755189;19991001;19991001;01/10/1999;284;284
The Straight Story;19991015;Drama;G;6197866;10111144;19991015;19991015;15/10/1999;284;284
The Insider;19991105;Drama;R;28965197;47794214;19991105;19991105;05/11/1999;283;283
Toy Story 2;19991119;Adventure;G;245852179;404450426;19991119;19991119;19/11/1999;282;282
Cradle Will Rock;19991208;Drama;R;2899970;4609153;19991208;19991208;08/12/1999;282;282
Deuce Bigalow: Male Gigolo;19991210;Comedy;R;65535067;106921374;19991210;19991210;10/12/1999;282;282
Bicentennial Man;19991217;Drama;PG;58220776;94838225;19991217;19991217;17/12/1999;282;282
Play it to the Bone;19991224;Comedy;R;8427204;13180524;19991224;19991224;24/12/1999;281;281
Fantasia 2000 (IMAX);20000101;Musical;G;60507228;94852354;20000101;20000101;01/01/2000;281;281
Gun Shy;20000204;Comedy;R;1638202;2562155;20000204;20000204;04/02/2000;280;280
The Tigger Movie;20000211;Adventure;G;45542421;71228678;20000211;20000211;11/02/2000;280;280
Mission to Mars;20000310;Adventure;PG;60874615;95208344;20000310;20000310;10/03/2000;279;279
High Fidelity;20000331;Comedy;R;27277055;42661516;20000331;20000331;31/03/2000;278;278
Keeping the Faith;20000414;Romantic Comedy;PG-13;37036404;57925202;20000414;20000414;14/04/2000;278;278
Dinosaur;20000519;Adventure;PG;137748063;215438985;20000519;20000519;19/05/2000;276;276
Shanghai Noon;20000526;Western;PG-13;56932305;89042541;20000526;20000526;26/05/2000;276;276
Gone in 60 Seconds;20000609;Action;PG-13;101643008;158970411;20000609;20000609;09/06/2000;276;276
Fantasia 2000 (Theatrical Release);20000616;Musical;G;9103630;14238144;20000616;20000616;16/06/2000;276;276
The Kid;20000707;Comedy;PG;69688384;108993148;20000707;20000707;07/07/2000;275;275
Coyote Ugly;20000804;Drama;PG-13;60786269;95070168;20000804;20000804;04/08/2000;274;274
The Crew;20000825;Comedy;PG-13;13019253;20362201;20000825;20000825;25/08/2000;273;273
Duets;20000915;Drama;R;4734235;7404372;20000915;20000915;15/09/2000;273;273
Remember the Titans;20000929;Drama;PG;115654751;180742479;20000929;20000929;29/09/2000;272;272
Unbreakable;20001122;Thriller/Suspense;PG-13;94999143;148208901;20001122;20001122;22/11/2000;270;270
102 Dalmatians;20001122;Comedy;G;66941559;104055039;20001122;20001122;22/11/2000;270;270
The Emperor's New Groove;20001215;Adventure;G;89296573;136789252;20001215;20001215;15/12/2000;270;270
O Brother  Where Art Thou?;20001222;Comedy;PG-13;45506619;67922002;20001222;20001222;22/12/2000;269;269
Double Take;20010112;Action;PG-13;29823162;44418589;20010112;20010112;12/01/2001;269;269
Recess: School's Out;20010216;Comedy;G;36696761;54656124;20010216;20010216;16/02/2001;268;268
Just Visiting;20010406;Comedy;PG-13;4777007;7114869;20010406;20010406;06/04/2001;266;266
Pearl Harbor;20010525;Action;PG-13;198539855;295705112;20010525;20010525;25/05/2001;264;264
Atlantis: The Lost Empire;20010608;Adventure;PG;84052762;125188122;20010608;20010608;08/06/2001;264;264
crazy/beautiful;20010629;Drama;PG-13;16929123;25214223;20010629;20010629;29/06/2001;263;263
The Princess Diaries;20010803;Comedy;G;108244774;161218928;20010803;20010803;03/08/2001;262;262
Bubble Boy;20010824;Comedy;PG-13;5002310;7450434;20010824;20010824;24/08/2001;261;261
Max Keeble's Big Move;20011005;Comedy;PG;17292381;25749730;20011005;20011005;05/10/2001;260;260
Corky Romano;20011012;Comedy;PG-13;23978402;35705805;20011012;20011012;12/10/2001;260;260
High Heels and Low Lifes;20011026;;R;226792;337782;20011026;20011026;26/10/2001;259;259
Monsters Inc.;20011102;Adventure;G;289423425;416073179;20011102;20011102;02/11/2001;259;259
Out Cold;20011121;Comedy;PG-13;13906394;20700691;20011121;20011121;21/11/2001;258;258
The Royal Tenenbaums;20011214;Black Comedy;R;52353636;76758193;20011214;20011214;14/12/2001;258;258
Beauty and the Beast (IMAX);20020101;Musical;G;25487028;36980311;20020101;20020101;01/01/2002;257;257
Frank McKlusky C.I.;20020101;;;0;0;20020101;20020101;01/01/2002;257;257
Snow Dogs;20020118;Comedy;PG;81150692;117745317;20020118;20020118;18/01/2002;257;257
The Count of Monte Cristo;20020125;Drama;PG-13;54228104;78682079;20020125;20020125;25/01/2002;256;256
Peter Pan: Return to Neverland;20020215;Adventure;G;48430258;70269715;20020215;20020215;15/02/2002;256;256
Reign of Fire;20020219;Action;PG-13;43061982;62480631;20020219;20020219;19/02/2002;255;255
Sorority Boys;20020322;Comedy;R;10198766;14797862;20020322;20020322;22/03/2002;254;254
The Rookie;20020329;Drama;G;75600072;109691666;20020329;20020329;29/03/2002;254;254
Big Trouble;20020405;Comedy;PG-13;7262288;10537188;20020405;20020405;05/04/2002;254;254
ESPN's Ultimate X - The Movie;20020510;Documentary;PG;4197175;6089874;20020510;20020510;10/05/2002;253;253
Bad Company;20020607;Action;PG-13;30157016;43756218;20020607;20020607;07/06/2002;252;252
Lilo & Stitch;20020621;Adventure;PG;145771527;211506702;20020621;20020621;21/06/2002;251;251
The Country Bears;20020726;Adventure;G;16988996;24650121;20020726;20020726;26/07/2002;250;250
Signs;20020802;Thriller/Suspense;PG-13;227965690;330754439;20020802;20020802;02/08/2002;250;250
Sen to Chihiro no Kamikakushi;20020920;Adventure;PG;10049886;14338992;20020920;20020920;20/09/2002;248;248
Sweet Home Alabama;20020927;Comedy;PG-13;127214072;184521151;20020927;20020927;27/09/2002;248;248
Moonlight Mile;20020927;Drama;PG-13;6830957;9909094;20020927;20020927;27/09/2002;248;248
Tuck Everlasting;20021011;Drama;PG;19161999;27789959;20021011;20021011;11/10/2002;248;248
The Santa Clause 2;20021101;Comedy;G;139225854;201959095;20021101;20021101;01/11/2002;247;247
Treasure Planet;20021127;Adventure;PG;38120554;55189145;20021127;20021127;27/11/2002;246;246
The Hot Chick;20021213;Comedy;PG-13;35081550;50624654;20021213;20021213;13/12/2002;246;246
25th Hour;20021219;Drama;R;13084595;18325463;20021219;20021219;19/12/2002;245;245
The Recruit;20030131;Thriller/Suspense;PG-13;52784696;73793522;20030131;20030131;31/01/2003;244;244
Shanghai Knights;20030207;Adventure;PG-13;60470220;84537962;20030207;20030207;07/02/2003;244;244
The Jungle Book 2;20030214;Adventure;G;47901582;66966883;20030214;20030214;14/02/2003;244;244
Bringing Down the House;20030307;Comedy;PG-13;132675402;185481530;20030307;20030307;07/03/2003;243;243
Piglet's Big Movie;20030321;Comedy;G;23103423;32298812;20030321;20030321;21/03/2003;242;242
Ghosts of the Abyss;20030411;Documentary;G;17093668;23803108;20030411;20030411;11/04/2003;242;242
Holes;20030418;Drama;PG;67383924;94203395;20030418;20030418;18/04/2003;242;242
The Lizzie McGuire Movie;20030502;Comedy;PG;42734455;59743191;20030502;20030502;02/05/2003;241;241
Finding Nemo;20030530;Adventure;G;380529370;518148559;20030530;20030530;30/05/2003;240;240
Pirates of the Caribbean: The Curse o…;20030709;Adventure;PG-13;305411224;426967926;20030709;20030709;09/07/2003;239;239
Freaky Friday;20030806;Comedy;PG;110222438;154090360;20030806;20030806;06/08/2003;238;238
Open Range;20030815;Western;R;58331254;81547672;20030815;20030815;15/08/2003;238;238
Cold Creek Manor;20030919;Thriller/Suspense;R;21384035;29895090;20030919;20030919;19/09/2003;236;236
Under the Tuscan Sun;20030926;Comedy;PG-13;43601508;60944053;20030926;20030926;26/09/2003;236;236
Veronica Guerin;20031017;Drama;R;1569918;2194759;20031017;20031017;17/10/2003;236;236
Brother Bear;20031024;Adventure;G;85336277;119218333;20031024;20031024;24/10/2003;235;235
The Haunted Mansion;20031126;Comedy;PG;75817994;105775678;20031126;20031126;26/11/2003;234;234
Calendar Girls;20031219;Comedy;PG-13;31011616;42379650;20031219;20031219;19/12/2003;233;233
Young Black Stallion;20031225;Adventure;G;6751389;9254344;20031225;20031225;25/12/2003;233;233
Teacher's Pet: The Movie;20040116;Comedy;PG;6491969;8812764;20040116;20040116;16/01/2004;233;233
Miracle;20040206;Drama;PG;64378093;87392478;20040206;20040206;06/02/2004;232;232
Confessions of a Teenage Drama Queen;20040220;Comedy;PG;29331068;39816568;20040220;20040220;20/02/2004;231;231
Hidalgo;20040305;Western;PG-13;67286731;91340921;20040305;20040305;05/03/2004;231;231
The Ladykillers;20040326;Comedy;R;39692139;53881593;20040326;20040326;26/03/2004;230;230
Home on the Range;20040402;Comedy;PG;50026353;67910166;20040402;20040402;02/04/2004;230;230
The Alamo;20040409;Western;PG-13;22406362;30416359;20040409;20040409;09/04/2004;230;230
Raising Helen;20040528;Comedy;PG-13;37485528;50886144;20040528;20040528;28/05/2004;228;228
Around the World in 80 Days;20040616;Adventure;PG;24004159;32585356;20040616;20040616;16/06/2004;228;228
America's Heart and Soul;20040702;Documentary;Not Rated;314000;426246;20040702;20040702;02/07/2004;227;227
King Arthur;20040707;Adventure;PG-13;51877963;70423706;20040707;20040707;07/07/2004;227;227
The Village;20040730;Thriller/Suspense;PG-13;114197520;155021748;20040730;20040730;30/07/2004;226;226
The Princess Diaries 2: Royal Engagement;20040811;Romantic Comedy;G;95149435;129164207;20040811;20040811;11/08/2004;226;226
Mr. 3000;20040917;Comedy;PG-13;21800302;29593641;20040917;20040917;17/09/2004;225;225
The Last Shot;20040924;Comedy;R;463730;629502;20040924;20040924;24/09/2004;224;224
Ladder 49;20041001;Action;PG-13;74541707;101161045;20041001;20041001;01/10/2004;224;224
The Incredibles;20041105;Adventure;PG;261441092;354488708;20041105;20041105;05/11/2004;223;223
National Treasure;20041119;Adventure;PG;173005002;234069353;20041119;20041119;19/11/2004;222;222
The Life Aquatic with Steve Zissou;20041210;Comedy;R;24006726;32198655;20041210;20041210;10/12/2004;222;222
Aliens of the Deep;20050128;Documentary;G;8968684;11740942;20050128;20050128;28/01/2005;220;220
Pooh's Heffalump Movie;20050211;Adventure;G;18098433;23801835;20050211;20050211;11/02/2005;220;220
The Pacifier;20050304;Comedy;PG;113006880;148619029;20050304;20050304;04/03/2005;219;219
Ice Princess;20050318;Comedy;G;24381334;32064685;20050318;20050318;18/03/2005;219;219
A Lot Like Love;20050422;Comedy;PG-13;21835784;28716947;20050422;20050422;22/04/2005;217;217
The Hitchhiker's Guide to the Galaxy;20050429;Comedy;PG;51019112;67096891;20050429;20050429;29/04/2005;217;217
Hauru no ugoku shiro;20050610;Adventure;PG;4710455;6194870;20050610;20050610;10/06/2005;216;216
Herbie: Fully Loaded;20050622;Comedy;G;66010682;86812798;20050622;20050622;22/06/2005;215;215
Dark Water;20050708;Thriller/Suspense;PG-13;25473093;33500491;20050708;20050708;08/07/2005;215;215
Sky High;20050729;Adventure;PG;63939454;84088854;20050729;20050729;29/07/2005;214;214
Valiant;20050819;Adventure;G;19478106;25616292;20050819;20050819;19/08/2005;213;213
Flightplan;20050923;Thriller/Suspense;PG-13;89706988;117960425;20050923;20050923;23/09/2005;212;212
The Greatest Game Ever Played;20050930;Drama;PG;15331289;20162672;20050930;20050930;30/09/2005;212;212
Shopgirl;20051021;Drama;R;10284523;13519621;20051021;20051021;21/10/2005;211;211
Chicken Little;20051104;Adventure;G;135386665;177954661;20051104;20051104;04/11/2005;211;211
The Chronicles of Narnia: The Lion  t…;20051209;Adventure;PG;291710957;381557539;20051209;20051209;09/12/2005;210;210
Casanova;20051225;Drama;R;11304403;14574087;20051225;20051225;25/12/2005;209;209
Glory Road;20060113;Drama;PG;42647449;54888236;20060113;20060113;13/01/2006;209;209
Annapolis;20060127;Drama;PG-13;17127992;22044113;20060127;20060127;27/01/2006;208;208
Roving Mars;20060127;Documentary;G;10407978;12948025;20060127;20060127;27/01/2006;208;208
Eight Below;20060217;Adventure;PG;81612565;105037235;20060217;20060217;17/02/2006;208;208
The Shaggy Dog;20060310;Comedy;PG;61123569;78667428;20060310;20060310;10/03/2006;207;207
Stay Alive;20060324;Horror;PG-13;23086480;29712825;20060324;20060324;24/03/2006;206;206
The Wild;20060414;Adventure;G;37384046;48114115;20060414;20060414;14/04/2006;206;206
Stick It;20060428;Comedy;PG-13;26910736;34634731;20060428;20060428;28/04/2006;205;205
Goal! The Dream Begins;20060512;Drama;PG;4283255;5512647;20060512;20060512;12/05/2006;205;205
Cars;20060609;Comedy;G;244082982;314140384;20060609;20060609;09/06/2006;204;204
Pirates of the Caribbean: Dead Man’…;20060707;Adventure;PG-13;423315812;544817142;20060707;20060707;07/07/2006;203;203
Step Up;20060811;Drama;PG-13;65328121;84078780;20060811;20060811;11/08/2006;202;202
Invincible;20060825;Drama;PG;57806952;74398864;20060825;20060825;25/08/2006;201;201
The Guardian;20060929;Action;PG-13;55011732;70801353;20060929;20060929;29/09/2006;200;200
The Prestige;20061020;Thriller/Suspense;PG-13;53089891;68289913;20061020;20061020;20/10/2006;199;199
Tim Burton's The Nightmare Before Chr…;20061020;Musical;PG;24732041;30737517;20061020;20061020;20/10/2006;199;199
The Santa Clause 3: The Escape Clause;20061103;Comedy;G;84500122;108694869;20061103;20061103;03/11/2006;199;199
Déjà Vu;20061122;Thriller/Suspense;PG-13;64038616;82267038;20061122;20061122;22/11/2006;198;198
Apocalypto;20061208;Adventure;R;50866635;64959548;20061208;20061208;08/12/2006;198;198
Primeval;20070112;Adventure;R;10597734;12985302;20070112;20070112;12/01/2007;197;197
Bridge to Terabithia;20070216;Drama;PG;82234139;100760721;20070216;20070216;16/02/2007;196;196
Wild Hogs;20070302;Comedy;PG-13;168213584;206110533;20070302;20070302;02/03/2007;195;195
Meet the Robinsons;20070330;Adventure;G;97822171;119860589;20070330;20070330;30/03/2007;194;194
The Lookout;20070330;Drama;R;4600585;5637048;20070330;20070330;30/03/2007;194;194
The Hoax;20070406;Drama;R;7164995;8779196;20070406;20070406;06/04/2007;194;194
The Invisible;20070427;Thriller/Suspense;PG-13;20568319;25202168;20070427;20070427;27/04/2007;193;193
Pirates of the Caribbean: At World’…;20070524;Adventure;PG-13;309420425;379129960;20070524;20070524;24/05/2007;192;192
Ratatouille;20070629;Comedy;G;206445654;252955933;20070629;20070629;29/06/2007;191;191
Underdog;20070803;Adventure;PG;43760605;53619462;20070803;20070803;03/08/2007;190;190
The Game Plan;20070922;Comedy;PG;90648202;111010758;20070922;20070922;22/09/2007;188;188
Dan in Real Life;20071020;Romantic Comedy;PG-13;47642963;58350234;20071020;20071020;20/10/2007;187;187
Enchanted;20071121;Romantic Comedy;PG;127706877;156074310;20071121;20071121;21/11/2007;186;186
National Treasure 2: Book of Secrets;20071221;Adventure;PG;219961501;267003525;20071221;20071221;21/12/2007;185;185
Hannah Montana/Miley Cyrus: Best of B…;20080201;Concert/Performance;G;65281781;76646993;20080201;20080201;01/02/2008;184;184
Step Up 2 the Streets;20080214;Drama;PG-13;58017783;68118371;20080214;20080214;14/02/2008;184;184
College Road Trip;20080307;Comedy;G;45610425;53550960;20080307;20080307;07/03/2008;183;183
The Chronicles of Narnia: Prince Caspian;20080516;Adventure;PG;141621490;166277038;20080516;20080516;16/05/2008;181;181
WALL-E;20080627;Adventure;G;223808164;262771918;20080627;20080627;27/06/2008;179;179
Swing Vote;20080801;Comedy;PG-13;16289867;19125841;20080801;20080801;01/08/2008;178;178
Goal! 2: Living the Dream...;20080829;Drama;PG-13;225067;264247;20080829;20080829;29/08/2008;177;177
Miracle at St. Anna;20080926;Drama;R;7916887;9295171;20080926;20080926;26/09/2008;176;176
Beverly Hills Chihuahua;20081003;Comedy;PG;94514402;110932022;20081003;20081003;03/10/2008;176;176
Morning Light;20081017;Documentary;PG;275093;322979;20081017;20081017;17/10/2008;176;176
High School Musical 3: Senior Year;20081024;Musical;G;90559416;106308538;20081024;20081024;24/10/2008;175;175
Bolt;20081121;Comedy;PG;114053759;133702498;20081121;20081121;21/11/2008;174;174
Bedtime Stories;20081225;Comedy;PG;110101975;128039679;20081225;20081225;25/12/2008;173;173
Confessions of a Shopaholic;20090213;Romantic Comedy;PG;44277350;49767744;20090213;20090213;13/02/2009;172;172
Jonas Brothers: The 3D Concert Experi…;20090227;Concert/Performance;G;38174685;38174685;20090227;20090227;27/02/2009;171;171
Race to Witch Mountain;20090313;Adventure;PG;67172594;75501997;20090313;20090313;13/03/2009;171;171
Hannah Montana the Movie;20090410;Drama;G;79576189;89443640;20090410;20090410;10/04/2009;170;170
Earth;20090422;Documentary;G;32011576;35981010;20090422;20090422;22/04/2009;169;169
Up;20090529;Adventure;PG;293004164;329336681;20090529;20090529;29/05/2009;168;168
The Proposal;20090619;Romantic Comedy;PG-13;163958031;184288829;20090619;20090619;19/06/2009;167;167
G-Force;20090724;Adventure;PG;119436770;134246932;20090724;20090724;24/07/2009;166;166
Gake no ue no Ponyo;20090814;Adventure;G;15090399;16961607;20090814;20090814;14/08/2009;166;166
X Games 3D: The Movie;20090821;Documentary;PG;1391434;1563976;20090821;20090821;21/08/2009;165;165
Walt and El Grupo;20090910;Documentary;PG;20521;23064;20090910;20090910;10/09/2009;165;165
Surrogates;20090925;Action;PG-13;38577772;43361416;20090925;20090925;25/09/2009;164;164
Toy Story 3D Double Feature;20091002;Adventure;G;30702446;34509545;20091002;20091002;02/10/2009;164;164
Disney's A Christmas Carol;20091106;Drama;PG;137855863;154927105;20091106;20091106;06/11/2009;163;163
The Princess and the Frog;20091125;Adventure;G;104400899;116316457;20091125;20091125;25/11/2009;162;162
Old Dogs;20091125;Comedy;PG;49492060;55503929;20091125;20091125;25/11/2009;162;162
When in Rome;20100129;Romantic Comedy;PG-13;32680633;34917330;20100129;20100129;29/01/2010;160;160
Alice in Wonderland;20100305;Adventure;PG;334191110;357063499;20100305;20100305;05/03/2010;159;159
Waking Sleeping Beauty;20100326;Documentary;PG;80741;86264;20100326;20100326;26/03/2010;158;158
The Last Song;20100331;Drama;PG;62950384;67258772;20100331;20100331;31/03/2010;158;158
Oceans;20100422;Documentary;G;19422319;20751600;20100422;20100422;22/04/2010;157;157
Prince of Persia: Sands of Time;20100528;Action;PG-13;90759676;96971361;20100528;20100528;28/05/2010;156;156
Toy Story 3;20100618;Adventure;G;415004880;443408255;20100618;20100618;18/06/2010;156;156
The Sorcerer's Apprentice;20100714;Adventure;PG;63150991;67473105;20100714;20100714;14/07/2010;155;155
Step Up 3D;20100806;Drama;PG-13;42400223;45302137;20100806;20100806;06/08/2010;154;154
Gedo Senki (Tales from Earthsea);20100813;Adventure;PG-13;48658;51988;20100813;20100813;13/08/2010;154;154
You Again;20100924;Comedy;PG;25702053;27461121;20100924;20100924;24/09/2010;152;152
Secretariat;20101008;Drama;PG;59699513;63781920;20101008;20101008;08/10/2010;152;152
Tangled;20101124;Adventure;PG;200821936;214388548;20101124;20101124;24/11/2010;150;150
Tron: Legacy;20101217;Adventure;PG;172062763;183619259;20101217;20101217;17/12/2010;150;150
Gnomeo and Juliet;20110211;Comedy;G;99967670;106270797;20110211;20110211;11/02/2011;148;148
I am Number Four;20110218;Adventure;PG-13;55100437;58574607;20110218;20110218;18/02/2011;148;148
Mars Needs Moms;20110311;Adventure;PG;21392758;22741603;20110311;20110311;11/03/2011;147;147
African Cats;20110422;Documentary;G;15428747;16401551;20110422;20110422;22/04/2011;145;145
Zokkomon;20110422;Adventure;PG;2815;2984;20110422;20110422;22/04/2011;145;145
Prom;20110429;Comedy;PG;10130219;10768946;20110429;20110429;29/04/2011;145;145
Pirates of the Caribbean: On Stranger…;20110520;Adventure;PG-13;241063875;256263359;20110520;20110520;20/05/2011;144;144
Cars 2;20110624;Adventure;G;191450875;203522177;20110624;20110624;24/06/2011;143;143
Winnie the Pooh;20110715;Adventure;G;26692846;28375869;20110715;20110715;15/07/2011;143;143
The Help;20110810;Drama;PG-13;169705587;180404976;20110810;20110810;10/08/2011;142;142
Fright Night;20110819;Horror;R;18298649;19452402;20110819;20110819;19/08/2011;141;141
Real Steel;20111007;Action;PG-13;85463309;90848019;20111007;20111007;07/10/2011;140;140
The Muppets;20111123;Comedy;PG;88625922;94189503;20111123;20111123;23/11/2011;138;138
War Horse;20111225;Drama;PG-13;79883359;84762149;20111225;20111225;25/12/2011;137;137
The Secret World of Arietty;20120217;Adventure;G;19192510;20325733;20120217;20120217;17/02/2012;136;136
John Carter;20120309;Adventure;PG-13;73058679;77372445;20120309;20120309;09/03/2012;135;135
Chimpanzee;20120420;Documentary;G;28965459;30675725;20120420;20120420;20/04/2012;133;133
The Avengers;20120504;Action;PG-13;623279547;660081224;20120504;20120504;04/05/2012;133;133
Brave;20120622;Adventure;PG;237282182;251292441;20120622;20120622;22/06/2012;131;131
People Like Us;20120629;Drama;PG-13;12431792;13165822;20120629;20120629;29/06/2012;131;131
The Odd Life of Timothy Green;20120815;Drama;PG;51853450;54914942;20120815;20120815;15/08/2012;130;130
Frankenweenie;20121005;Comedy;PG;35287788;37363513;20121005;20121005;05/10/2012;128;128
Wreck-It Ralph;20121102;Adventure;PG;189412677;200354959;20121102;20121102;02/11/2012;127;127
Lincoln;20121109;Drama;PG-13;182207973;192122330;20121109;20121109;09/11/2012;127;127
Oz the Great and Powerful;20130308;Adventure;PG;234770996;243434130;20130308;20130308;08/03/2013;123;123
Iron Man 3;20130503;Action;PG-13;408992272;424084233;20130503;20130503;03/05/2013;121;121
Monsters University;20130621;Adventure;G;268488329;278395641;20130621;20130621;21/06/2013;119;119
The Lone Ranger;20130702;Western;PG-13;89302115;92597388;20130702;20130702;02/07/2013;119;119
Disney Planes;20130809;Comedy;PG;90282580;93614037;20130809;20130809;09/08/2013;118;118
The Fifth Estate;20131018;Drama;R;3254172;3374251;20131018;20131018;18/10/2013;116;116
Thor: The Dark World;20131108;Adventure;PG-13;206362140;213962184;20131108;20131108;08/11/2013;115;115
Kaze Tachinu;20131108;Drama;PG-13;5201879;5367415;20131108;20131108;08/11/2013;115;115
Frozen;20131122;Adventure;PG;400738009;414997174;20131122;20131122;22/11/2013;114;114
Delivery Man;20131122;Comedy;PG-13;30659817;31787136;20131122;20131122;22/11/2013;114;114
Saving Mr. Banks;20131213;Drama;PG-13;83299761;86249969;20131213;20131213;13/12/2013;114;114
Need for Speed;20140314;Action;PG-13;43568507;44955015;20140314;20140314;14/03/2014;111;111
Muppets Most Wanted;20140321;Comedy;PG;51178893;52807594;20140321;20140321;21/03/2014;110;110
Captain America: The Winter Soldier;20140404;Action;PG-13;259746958;268013076;20140404;20140404;04/04/2014;110;110
Bears;20140418;Documentary;G;17780194;18346024;20140418;20140418;18/04/2014;110;110
Million Dollar Arm;20140510;Drama;PG;36447959;37607865;20140510;20140510;10/05/2014;109;109
Maleficent;20140530;Adventure;PG;241407328;249089809;20140530;20140530;30/05/2014;108;108
Planes: Fire and Rescue;20140718;Adventure;PG;59157732;61040349;20140718;20140718;18/07/2014;107;107
Guardians of the Galaxy;20140801;Adventure;PG-13;333172112;343771168;20140801;20140801;01/08/2014;106;106
The Hundred-Foot Journey;20140808;Romantic Comedy;PG;54235441;55961409;20140808;20140808;08/08/2014;106;106
Alexander and the Terrible Horrible;20141010;Comedy;PG;66954149;69055550;20141010;20141010;10/10/2014;104;104
Big Hero 6;20141107;Adventure;PG;222527828;229249222;20141107;20141107;07/11/2014;103;103
Into the Woods;20141225;Musical;PG;128002372;130894237;20141225;20141225;25/12/2014;101;101
Strange Magic;20150123;Adventure;PG;12429583;12429583;20150123;20150123;23/01/2015;100;100
McFarland USA;20150220;Drama;PG;44480275;44480275;20150220;20150220;20/02/2015;99;99
Cinderella;20150313;Drama;PG;201151353;201151353;20150313;20150313;13/03/2015;99;99
Monkey Kingdom;20150417;Documentary;G;16432322;16432322;20150417;20150417;17/04/2015;98;98
Avengers: Age of Ultron;20150501;Action;PG-13;459005868;459005868;20150501;20150501;01/05/2015;97;97
Tomorrowland;20150522;Adventure;PG;93436322;93436322;20150522;20150522;22/05/2015;96;96
Inside Out;20150619;Adventure;PG;356461711;356461711;20150619;20150619;19/06/2015;95;95
Ant-Man;20150717;Action;PG-13;180202163;180202163;20150717;20150717;17/07/2015;95;95
Bridge of Spies;20151016;Thriller/Suspense;PG-13;72313754;72313754;20151016;20151016;16/10/2015;92;92
The Good Dinosaur;20151125;Adventure;PG;123087120;123087120;20151125;20151125;25/11/2015;90;90
Star Wars Ep. VII: The Force Awakens;20151218;Adventure;PG-13;936662225;936662225;20151218;20151218;18/12/2015;90;90
The Finest Hours;20160129;Thriller/Suspense;PG;27569558;27569558;20160129;20160129;29/01/2016;88;88
Zootopia;20160304;Adventure;PG;341268248;341268248;20160304;20160304;04/03/2016;87;87
The Jungle Book;20160415;Adventure;PG;364001123;364001123;20160415;20160415;15/04/2016;86;86
A Beautiful Planet;20160429;Documentary;G;7895708;7895708;20160429;20160429;29/04/2016;85;85
Captain America: Civil War;20160506;Action;PG-13;408084349;408084349;20160506;20160506;06/05/2016;85;85
Alice Through the Looking Glass;20160527;Adventure;PG;77042381;77042381;20160527;20160527;27/05/2016;84;84
Finding Dory;20160617;Adventure;PG;486295561;486295561;20160617;20160617;17/06/2016;84;84
The BFG;20160701;Adventure;PG;55483770;55483770;20160701;20160701;01/07/2016;83;83
Pete’s Dragon;20160812;Adventure;PG;76233151;76233151;20160812;20160812;12/08/2016;82;82
The Light Between Oceans;20160902;Drama;PG-13;12545979;12545979;20160902;20160902;02/09/2016;81;81
Queen of Katwe;20160923;Drama;PG;8874389;8874389;20160923;20160923;23/09/2016;80;80
Doctor Strange;20161104;Adventure;PG-13;232532923;232532923;20161104;20161104;04/11/2016;79;79
Moana;20161123;Adventure;PG;246082029;246082029;20161123;20161123;23/11/2016;78;78
Rogue One: A Star Wars Story;20161216;Adventure;PG-13;529483936;529483936;20161216;20161216;16/12/2016;78;78
